Hostname,Name,Description,Serial Number,Start Date,End Date
AD2-Dist-SW,Switch 1,C9500-16X,FJC265215PG,2023-MAY-02,2026-MAY-02
AD2-Dist-SW,Switch 2,C9500-16X,FOC2631YC1R,2023-MAY-02,2026-MAY-02
AD2-SHAFT-A-2F,Switch 1,C9300L-24P-4X,FOC2630Y5H2,2022-SEP-02,2025-SEP-02
AD2-SHAFT-A-2F,Switch 2,C9300L-24P-4X,FOC2629YS15,2022-SEP-02,2025-SEP-02
AD2-SHAFT-A-2F,Switch 3,C9300L-24P-4X,FOC2630Y46L,2022-SEP-02,2025-SEP-02
AD2-SHAFT-A-2F,Switch 4,C9300L-48T-4X,FOC2650YK1X,2022-SEP-02,2025-SEP-02
AD2-SHAFT-B-2F,Switch 1,C9300L-24P-4X,FOC2644Y65E,2023-MAR-20,2026-MAR-20
AD2-SHAFT-B-2F,Switch 2,C9300L-24P-4X,FOC2630Y3AA,2023-MAR-20,2026-MAR-20
AD2-SHAFT-B-2F,Switch 3,C9300L-48T-4X,FOC2650YM1Y,2023-MAR-20,2026-MAR-20
AD2-SHAFT-B-2F,Switch 4,C9300L-48T-4X,FOC2650YNEQ,2023-MAR-20,2026-MAR-20
AD2-SHAFT-B-2F,Switch 5,C9300L-48T-4X,FOC2715Y3PM,2023-MAR-20,2026-MAR-20
AD2-SHAFT-B-2F,Switch 6,C9300L-48T-4X,FOC2650YLZS,2023-MAR-20,2026-MAR-20
AD2-SHAFT-C-3F-R1,Switch 1,C9300L-48T-4X,FOC2650YNWL,2023-APR-12,2026-APR-12
AD2-SHAFT-C-3F-R1,Switch 2,C9300L-48T-4X,FOC2650YK48,2023-APR-12,2026-APR-12
AD2-SHAFT-C-3F-R1,Switch 3,C9300L-48T-4X,FOC2650YK43,2023-APR-12,2026-APR-12
AD2-SHAFT-C-3F-R1,Switch 4,C9300L-48T-4X,FOC2650YN7Q,2023-APR-12,2026-APR-12
AD2-SHAFT-C-3F-R1,Switch 5,C9300L-48T-4X,FOC2650YJZT,2023-APR-12,2026-APR-12
AD2-SHAFT-C-3F-R1,Switch 6,C9300L-48T-4X,FOC2650YJ7W,2023-APR-12,2026-APR-12
AD2-SHAFT-C-3F-R1,Switch 7,C9300L-48T-4X,FOC2650YNFZ,2023-APR-12,2026-APR-12
AD2-SHAFT-C-3F-R1,Switch 8,C9300L-48T-4X,FOC2650YNWK,2023-APR-12,2026-APR-12
AD2-SHAFT-C-3F-R2,Switch 1,C9300L-48T-4X,FOC2650YNG1,2023-APR-12,2026-APR-12
AD2-SHAFT-C-3F-R2,Switch 2,C9300L-24P-4X,FOC2630Y2LU,2023-APR-12,2026-APR-12
AD2-SHAFT-C-3F-R2,Switch 3,C9300L-24P-4X,FOC2630Y3CE,2023-APR-12,2026-APR-12
AD2-SHAFT-C-3F-R2,Switch 4,C9300L-24P-4X,FOC2630Y2JH,2023-APR-12,2026-APR-12
AD3-Dist-SW,Switch 1,C9500-16X,FJC27042YAH,2023-MAY-02,2026-MAY-02
AD3-Dist-SW,Switch 2,C9500-16X,FJC265213QR,2023-MAY-02,2026-MAY-02
AD3-SHAFT-A-2F,Switch 1,C9300L-24P-4X,FOC2714Y8KZ,2023-JUN-24,2026-JUN-24
AD3-SHAFT-A-2F,Switch 2,C9300L-24P-4X,FOC2714Y8MC,2023-JUN-24,2026-JUN-24
AD3-SHAFT-A-2F,Switch 3,C9300L-24T-4X,FOC2651YDMJ,2023-JUN-24,2026-JUN-24
AD3-SHAFT-A-2F,Switch 4,C9300L-48T-4X,FOC2650YL9K,2023-JUN-24,2026-JUN-24
AD3-SHAFT-A-2F,Switch 5,C9300L-48T-4X,FOC2650YKH4,2023-JUN-24,2026-JUN-24
AD3-SHAFT-A-2F,Switch 6,C9300L-48T-4X,FOC2650YLT1,2023-JUN-24,2026-JUN-24
AD3-SHAFT-B-2F,Switch 1,C9300L-24P-4X,FOC2714Y8FY,2023-JUN-24,2026-JUN-24
AD3-SHAFT-B-2F,Switch 2,C9300L-24P-4X,FOC2714Y8LF,2023-JUN-24,2026-JUN-24
AD3-SHAFT-B-2F,Switch 3,C9300L-48T-4X,FOC2650YK3P,2023-JUN-24,2026-JUN-24
AD3-SHAFT-B-4F,Switch 1,C9300L-24P-4X,FOC2630Y23S,2022-SEP-02,2025-SEP-02
AD3-SHAFT-B-4F,Switch 2,C9300L-48T-4X,FOC2650YL0Z,2022-SEP-02,2025-SEP-02
AD3-SHAFT-B-4F,Switch 3,C9300L-48T-4X,FOC2650YJYD,2022-SEP-02,2025-SEP-02
AD3-SHAFT-C-1F,Switch 1,C9300L-24P-4X,FOC2630Y1ST,2022-SEP-02,2025-SEP-02
AD3-SHAFT-C-1F,Switch 2,C9300L-24P-4X,FOC2630Y23P,2022-SEP-02,2025-SEP-02
AD3-SHAFT-C-1F,Switch 3,C9300L-48T-4X,FOC2650YLYF,2022-SEP-02,2025-SEP-02
AD3-SHAFT-C-4F,Switch 1,C9300L-24P-4X,FOC2630Y1FK,2022-SEP-02,2025-SEP-02
AD3-SHAFT-C-4F,Switch 2,C9300L-24T-4X,FOC2651YDJA,2022-SEP-02,2025-SEP-02
Admin-LGF-Dist-SW,Switch 1,C9500-16X,FOC2638YFDX,2023-MAR-20,2026-MAR-20
Admin-LGF-Dist-SW,Switch 2,C9500-16X,FOC2638YFL0,2023-MAR-20,2026-MAR-20
Admin-Shaft_A-1F,Switch 1,C9300L-48T-4X,FOC2650YQ5V,2023-APR-12,2026-APR-12
Admin-Shaft_A-1F,Switch 2,C9300L-24P-4X,FOC2630Y4SX,2023-APR-12,2026-APR-12
Admin-Shaft_A-2F,Switch 1,C9300L-48T-4X,FOC2650YLSE,2023-APR-12,2026-APR-12
Admin-Shaft_A-2F,Switch 2,C9300L-24P-4X,FOC2626YCJ1,2023-APR-12,2026-APR-12
Admin-Shaft_A-3F,Switch 1,C9300L-48T-4X,FOC2650YQ9D,2023-APR-12,2026-APR-12
Admin-Shaft_A-3F,Switch 2,C9300L-24P-4X,FOC2630Y23Y,2023-APR-12,2026-APR-12
Admin-Shaft_A-4F,Switch 1,C9300L-24P-4X,FOC2630Y27R,2022-SEP-02,2025-SEP-02
Admin-Shaft_A-4F,Switch 2,C9300L-24T-4X,FOC2651YEFY,2022-SEP-02,2025-SEP-02
Admin-Shaft_A-5F,Switch 1,C9300L-24P-4X,FOC2630Y2EX,2022-SEP-02,2025-SEP-02
Admin-Shaft_A-5F,Switch 2,C9300L-24P-4X,FOC2644Y6A3,2022-SEP-02,2025-SEP-02
Admin-Shaft_A-GF,Switch 1,C9300L-48T-4X,FOC2650YMYM,2023-APR-12,2026-APR-12
Admin-Shaft_A-GF,Switch 2,C9300L-24P-4X,FOC2630Y2GE,2023-APR-12,2026-APR-12
Admin-Shaft_A-LGF,Switch 1,C9300L-24P-4X,FOC2630Y244,2022-SEP-02,2025-SEP-02
Admin-Shaft_B-1F,Switch 1,C9300L-24P-4X,FOC2629YTQA,2022-SEP-02,2025-SEP-02
Admin-Shaft_B-1F,Switch 2,C9300L-48T-4X,FOC2650YJVL,2022-SEP-02,2025-SEP-02
Admin-Shaft_B-2F,Switch 1,C9300L-48T-4X,FOC2650YKVQ,2023-APR-12,2026-APR-12
Admin-Shaft_B-2F,Switch 2,C9300L-24P-4X,FOC2630Y3CM,2023-APR-12,2026-APR-12
Admin-Shaft_B-3F,Switch 1,C9300L-24P-4X,FOC2630Y2KT,2022-SEP-02,2025-SEP-02
Admin-Shaft_B-3F,Switch 2,C9300L-48T-4X,FOC2650YJS7,2022-SEP-02,2025-SEP-02
Admin-Shaft_B-4F,Switch 1,C9300L-24P-4X,FOC2629YQ90,2022-SEP-02,2025-SEP-02
Admin-Shaft_B-5F,Switch 1,C9300L-24P-4X,FOC2630Y1BM,2022-SEP-02,2025-SEP-02
Admin-Shaft_B-5F,Switch 2,C9300L-24T-4X,FOC2651YGF1,2022-SEP-02,2025-SEP-02
Admin-Shaft_B-GF,Switch 1,C9300L-24P-4X,FOC2630Y38Z,2022-SEP-02,2025-SEP-02
Admin-Shaft_B-GF,Switch 2,C9300L-48T-4X,FOC2650YJJ6,2022-SEP-02,2025-SEP-02
BHJ-A-3F-SW,Switch 1,C9300L-48T-4X,FOC2650YM6J,2023-APR-12,2026-APR-12
BHJ-A-6F-SW,Switch 1,C9300L-48T-4X,FOC2650YNCA,2023-APR-12,2026-APR-12
BHJ-A-9F-SW,Switch 1,C9300L-48T-4X,FOC2650YK56,2023-APR-12,2026-APR-12
BHJ-A-GF-SW,Switch 1,C9300L-24T-4X,FOC2651YDQH,2023-JAN-26,2026-JAN-26
BHJ-B-3F-SW,Switch 1,C9300L-48T-4X,FOC2650YM2C,2023-APR-12,2026-APR-12
BHJ-B-6F-SW,Switch 1,C9300L-48T-4X,FOC2650YK2A,2023-APR-12,2026-APR-12
BHJ-B-9F-SW,Switch 1,C9300L-48T-4X,FOC2650YLZY,2023-APR-12,2026-APR-12
BHJ-B-GF-SW,Switch 1,C9300L-24T-4X,FOC2651YDPN,2023-JAN-26,2026-JAN-26
BHK-A-3F-SW,Switch 1,C9300L-48T-4X,FOC2626YENG,2022-AUG-26,2025-AUG-26
BHK-A-6F-SW,Switch 1,C9300L-48T-4X,FOC2626YHMX,2022-AUG-26,2025-AUG-26
BHK-A-9F-SW,Switch 1,C9300L-48T-4X,FOC2626YEKG,2022-AUG-26,2025-AUG-26
BHK-A-GF-SW,Switch 1,C9300L-24T-4X,FOC2651YE9G,2023-JAN-26,2026-JAN-26
BHK-B-3F-SW,Switch 1,C9300L-48T-4X,FOC2626YEEF,2022-AUG-26,2025-AUG-26
BHK-B-6F-SW,Switch 1,C9300L-48T-4X,FOC2626YEMH,2022-AUG-26,2025-AUG-26
BHK-B-9F-SW,Switch 1,C9300L-48T-4X,FOC2626YES8,2022-AUG-26,2025-AUG-26
BHK-B-GF-SW,Switch 1,C9300L-24P-4X,FOC2630Y4UR,2022-SEP-02,2025-SEP-02
BHK-B-GF-SW,Switch 2,C9300L-24P-4X - Provisioned,,2022-SEP-02,2025-SEP-02
BHL-A-3F-SW,Switch 1,C9300L-48T-4X,FOC2650YK4R,2023-APR-12,2026-APR-12
BHL-A-6F-SW,Switch 1,C9300L-48T-4X,FOC2650YLXE,2023-APR-12,2026-APR-12
BHL-A-9F-SW,Switch 1,C9300L-48T-4X,FOC2650YJNW,2023-APR-12,2026-APR-12
BHL-A-GF-SW,Switch 1,C9300L-24T-4X,FOC2651YDGB,2023-JAN-26,2026-JAN-26
BHL-B-3F-SW,Switch 1,C9300L-48T-4X,FOC2650YJTC,2023-APR-12,2026-APR-12
BHL-B-6F-SW,Switch 1,C9300L-48T-4X,FOC2650YN8E,2023-APR-12,2026-APR-12
BHL-B-9F-SW,Switch 1,C9300L-48T-4X,FOC2650YJR8,2023-APR-12,2026-APR-12
BHL-B-GF-SW,Switch 1,C9300L-24T-4X,FOC2651YEBW,2023-JAN-26,2026-JAN-26
BHM-A-3F-SW,Switch 1,C9300L-48T-4X,FOC2650YNWU,2023-APR-12,2026-APR-12
BHM-A-6F-SW,Switch 1,C9300L-48T-4X,FOC2650YK6N,2023-APR-12,2026-APR-12
BHM-A-9F-SW,Switch 1,C9300L-48T-4X,FOC2650YM8B,2023-APR-12,2026-APR-12
BHM-A-GF-SW,Switch 1,C9300L-24T-4X,FOC2651YDE4,2023-JAN-26,2026-JAN-26
BHM-B-3F-SW,Switch 1,C9300L-48T-4X,FOC2650YJLH,2023-APR-12,2026-APR-12
BHM-B-6F-SW,Switch 1,C9300L-48T-4X,FOC2650YL2B,2023-APR-12,2026-APR-12
BHM-B-9F-SW,Switch 1,C9300L-48T-4X,FOC2650YL1P,2023-APR-12,2026-APR-12
BHM-B-GF-Dist-SW,Switch 1,C9500-16X,FOC2631YCUT,-,-
BHM-B-GF-Dist-SW,Switch 2,C9500-16X,FOC2631YD89,-,-
BHM-B-GF-SW,Switch 1,C9300L-24T-4X,FOC2651YEAF,2023-JAN-26,2026-JAN-26
BHN-A-3F-SW,Switch 1,C9300L-48T-4X,FOC2626YHWY,2022-AUG-26,2025-AUG-26
BHN-A-6F-SW,Switch 1,C9300L-48T-4X,FOC2626YHMB,2022-AUG-26,2025-AUG-26
BHN-A-9F-SW,Switch 1,C9300L-48T-4X,FOC2626YHZ2,2022-AUG-26,2025-AUG-26
BHN-A-GF-SW,Switch 1,C9300L-24T-4X,FOC2651YCMH,2023-JAN-26,2026-JAN-26
BHN-B-3F-SW,Switch 1,C9300L-48T-4X,FOC2626YEZ1,2022-AUG-26,2025-AUG-26
BHN-B-6F-SW,Switch 1,C9300L-48T-4X,FOC2626YHN6,2022-AUG-26,2025-AUG-26
BHN-B-9F-SW,Switch 1,C9300L-48T-4X,FOC2626YHMT,2022-AUG-26,2025-AUG-26
BHN-B-GF-SW,Switch 1,C9300L-24T-4X,FOC2651YFEH,-,-
BHP-A-3F-SW,Switch 1,C9300L-48T-4X,FOC2650YJZS,2023-APR-12,2026-APR-12
BHP-A-6F-SW,Switch 1,C9300L-48T-4X,FOC2650YJRD,2023-APR-12,2026-APR-12
BHP-A-9F-SW,Switch 1,C9300L-48T-4X,FOC2650YP7B,2023-APR-12,2026-APR-12
BHP-A-GF-SW,Switch 1,C9300L-24T-4X,FOC2651YD44,2023-JAN-26,2026-JAN-26
BHP-B-3F-SW,Switch 1,C9300L-48T-4X,FOC2650YJQJ,2023-APR-12,2026-APR-12
BHP-B-6F-SW,Switch 1,C9300L-48T-4X,FOC2650YJYK,2023-APR-12,2026-APR-12
BHP-B-9F-SW,Switch 1,C9300L-48T-4X,FOC2650YM1L,2023-APR-12,2026-APR-12
BHP-B-GF-SW,Switch 1,C9300L-24T-4X,FOC2651YE93,2023-JAN-26,2026-JAN-26
BHP1-A-3F-SW,Switch 1,C9300L-48T-4X,FOC2650YJRL,2023-APR-12,2026-APR-12
BHP1-A-6F-SW,Switch 1,C9300L-48T-4X,FOC2650YNC6,2023-APR-12,2026-APR-12
BHP1-A-9F-SW,Switch 1,C9300L-48T-4X,FOC2650YKBF,2023-APR-12,2026-APR-12
BHP1-A-GF-SW,Switch 1,C9300L-24T-4X,FOC2651YE9Y,2023-JAN-26,2026-JAN-26
BHP1-B-3F-SW,Switch 1,C9300L-48T-4X,FOC2650YJV7,2023-APR-12,2026-APR-12
BHP1-B-6F-SW,Switch 1,C9300L-48T-4X,FOC2650YL20,2023-APR-12,2026-APR-12
BHP1-B-9F-SW,Switch 1,C9300L-48T-4X,FOC2650YNXG,2023-APR-12,2026-APR-12
BHP1-B-GF-SW,Switch 1,C9300L-24T-4X,FOC2651YD77,2023-JAN-26,2026-JAN-26
BHQ-A-3F-SW,Switch 1,C9300L-48T-4X,FOC2650YQ42,2023-APR-12,2026-APR-12
BHQ-A-6F-SW,Switch 1,C9300L-48T-4X,FOC2650YQ60,2023-APR-12,2026-APR-12
BHQ-A-9F-SW,Switch 1,C9300L-48T-4X,FOC2650YL2D,2023-APR-12,2026-APR-12
BHQ-A-GF-SW,Switch 1,C9300L-24T-4X,FOC2651YCW9,2023-JAN-26,2026-JAN-26
BHQ-B-3F-SW,Switch 1,C9300L-48T-4X,FOC2650YJS5,2023-APR-12,2026-APR-12
BHQ-B-6F-SW,Switch 1,C9300L-48T-4X,FOC2650YJNY,2023-APR-12,2026-APR-12
BHQ-B-9F-SW,Switch 1,C9300L-48T-4X,FOC2650YQ6G,2023-APR-12,2026-APR-12
BHQ-B-GF-SW,Switch 1,C9300L-24T-4X,FOC2651YCHV,2023-JAN-26,2026-JAN-26
BM-1F,Switch 1,C9300L-24P-4X,FOC2630Y247,2022-AUG-26,2025-AUG-26
BM-1F,Switch 2,C9300L-48T-4X,FOC2626YD44,2022-AUG-26,2025-AUG-26
BM-1F,Switch 3,C9300L-48T-4X,FOC2626YH9K,2022-AUG-26,2025-AUG-26
BM-1F,Switch 4,C9300L-48T-4X,FOC2626YCUV,2022-AUG-26,2025-AUG-26
BM-2F,Switch 1,C9300L-24P-4X,FOC2630Y4NN,2022-AUG-26,2025-AUG-26
BM-2F,Switch 2,C9300L-48T-4X,FOC2626YHMR,2022-AUG-26,2025-AUG-26
BM-2F,Switch 3,C9300L-48T-4X,FOC2626YHPW,2022-AUG-26,2025-AUG-26
BM-2F,Switch 4,C9300L-48T-4X,FOC2626YEDP,2022-AUG-26,2025-AUG-26
BM-3F,Switch 1,C9300L-24P-4X,FOC2630Y1JA,2022-AUG-26,2025-AUG-26
BM-3F,Switch 2,C9300L-48T-4X,FOC2626YCX0,2022-AUG-26,2025-AUG-26
BM-3F,Switch 3,C9300L-48T-4X,FOC2626YEQ4,2022-AUG-26,2025-AUG-26
BM-3F,Switch 4,C9300L-48T-4X,FOC2626YEKC,2022-AUG-26,2025-AUG-26
BM-GF,Switch 1,C9300L-24P-4X,FOC2629YM07,2022-AUG-26,2025-AUG-26
BM-GF,Switch 2,C9300L-48T-4X,FOC2626YHPY,2022-AUG-26,2025-AUG-26
BM-GF,Switch 3,C9300L-48T-4X,FOC2626YHXA,2022-AUG-26,2025-AUG-26
BT-1F,Switch 1,C9300L-48T-4X,FOC2626YHX5,2022-AUG-26,2025-AUG-26
BT-1F,Switch 2,C9300L-24P-4X,FOC2630Y43S,2022-AUG-26,2025-AUG-26
BT-1F,Switch 3,C9300L-48T-4X,FOC2626YJN4,2022-AUG-26,2025-AUG-26
BT-2F,Switch 1,C9300L-24P-4X,FOC2630Y19S,2022-AUG-26,2025-AUG-26
BT-2F,Switch 2,C9300L-48T-4X,FOC2626YJER,2022-AUG-26,2025-AUG-26
BT-2F,Switch 3,C9300L-48T-4X,FOC2626YECB,2022-AUG-26,2025-AUG-26
BT-3F,Switch 1,C9300L-24P-4X,FOC2630Y2JE,2022-AUG-26,2025-AUG-26
BT-3F,Switch 2,C9300L-48T-4X,FOC2626YHM5,2022-AUG-26,2025-AUG-26
BT-3F,Switch 3,C9300L-48T-4X,FOC2626YCYM,2022-AUG-26,2025-AUG-26
BT-Dist-SW,Switch 1,C9500-16X,FOC2643YJT9,-,-
BT-Dist-SW,Switch 2,C9500-16X,FOC2650YG3J,-,-
BT-GF,Switch 1,C9300L-24P-4X,FOC2630Y0WV,2022-AUG-26,2025-AUG-26
BT-GF,Switch 2,C9300L-48T-4X,FOC2626YEC7,2022-AUG-26,2025-AUG-26
BT-GF,Switch 3,C9300L-48T-4X,FOC2626YENJ,2022-AUG-26,2025-AUG-26
BT-GF,Switch 4,C9300L-48T-4X,FOC2626YHY8,2022-AUG-26,2025-AUG-26
BTBM-4F,Switch 1,C9300L-24P-4X,FOC2630Y4EY,2022-SEP-02,2025-SEP-02
BTBM-4F,Switch 2,C9300L-48T-4X,FOC2626YHY7,2022-SEP-02,2025-SEP-02
CAMPUS-SCHOOL-2F,Switch 1,C9300L-48T-4X,FOC2626YEMB,2022-AUG-26,2025-AUG-26
CAMPUS-SCHOOL-2F,Switch 2,C9300L-24T-4X,FOC2651YCYT,2022-AUG-26,2025-AUG-26
CAMPUS-SCHOOL-GF,Switch 1,C9300L-24T-4X,FOC2651YD18,2023-JAN-26,2026-JAN-26
CAMPUS-SCHOOL-GF,Switch 2,C9300L-48T-4X,FOC2650YQ4W,2023-JAN-26,2026-JAN-26
CC-Dist-SW,Switch 1,C9500-16X,FJC26441BH2,2023-MAY-02,2026-MAY-02
CC-Dist-SW,Switch 2,C9500-16X,FJC265115M4,2023-MAY-02,2026-MAY-02
CC-R1-00,Switch 1,C9300L-24P-4X,FOC2644Y6BL,-,-
CC-R1-02,Switch 1,C9300L-24P-4X,FOC2644Y6BS,2023-MAR-20,2026-MAR-20
CC-R2-00,Switch 1,C9300L-24P-4X,FOC2644Y6AX,2023-MAR-20,2026-MAR-20
CC-R2-02,Switch 1,C9300L-24P-4X,FOC2644Y6BW,-,-
CC-R3-00,Switch 1,C9300L-24P-4X,FOC2644Y9G6,2023-MAR-20,2026-MAR-20
CC-R3-00,Switch 2,C9300L-24P-4X,FOC2630Y36X,2023-MAR-20,2026-MAR-20
CC-R3-02,Switch 1,C9300L-24P-4X,FOC2644Y91S,2023-MAR-20,2026-MAR-20
CC-R4-00,Switch 1,C9300L-24P-4X,FOC2644Y6PK,2023-MAR-20,2026-MAR-20
CC-R4-00,Switch 2,C9300L-24P-4X,FOC2630Y2XJ,2023-MAR-20,2026-MAR-20
CC-R5-00,Switch 1,C9300L-24P-4X,FOC2644Y91N,2023-MAR-20,2026-MAR-20
CC-R6-00,Switch 1,C9300L-24P-4X,FOC2644Y7A9,2023-MAR-20,2026-MAR-20
CC-R7-00,Switch 1,C9300L-24P-4X,FOC2644Y6GE,2023-MAR-20,2026-MAR-20
CHY-00-ACC,Switch 1,C9300L-24P-4X,FOC2630Y2M3,2022-SEP-02,2025-SEP-02
CHY-00-ACC,Switch 2,C9300L-48T-4X,FOC2650YLZJ,2022-SEP-02,2025-SEP-02
CHY-00-ACC,Switch 3,C9300L-24T-4X,FOC2651Y3BH,2022-SEP-02,2025-SEP-02
CHY-01-ACC,Switch 1,C9300L-24P-4X,FOC2630Y256,2022-SEP-02,2025-SEP-02
CHY-01-ACC,Switch 2,C9300L-48T-4X,FOC2650YK6Z,2022-SEP-02,2025-SEP-02
CHY-01-ACC,Switch 3,C9300L-48T-4X,FOC2650YJRX,2022-SEP-02,2025-SEP-02
CHY-01-ACC,Switch 4,C9300L-48T-4X,FOC2650YNC2,2022-SEP-02,2025-SEP-02
CHY-02-ACC,Switch 1,C9300L-24P-4X,FOC2630Y4NG,2022-SEP-02,2025-SEP-02
CHY-02-ACC,Switch 2,C9300L-48T-4X,FOC2650YNG0,2022-SEP-02,2025-SEP-02
CHY-02-ACC,Switch 3,C9300L-48T-4X,FOC2650YLYV,2022-SEP-02,2025-SEP-02
CHY-03-ACC,Switch 1,C9300L-24P-4X,FOC2630Y2JN,2022-SEP-02,2025-SEP-02
CHY-03-ACC,Switch 2,C9300L-48T-4X,FOC2650YL0X,2022-SEP-02,2025-SEP-02
CHY-03-ACC,Switch 3,C9300L-48T-4X,FOC2650YMEN,2022-SEP-02,2025-SEP-02
CHY-04-ACC,Switch 1,C9300L-48T-4X,FOC2650YJRS,2022-SEP-02,2025-SEP-02
CHY-04-ACC,Switch 2,C9300L-48T-4X,FOC2650YK44,2022-SEP-02,2025-SEP-02
CHY-04-ACC,Switch 3,C9300L-24P-4X,FOC2630Y3JU,2022-SEP-02,2025-SEP-02
CHY-05-ACC,Switch 1,C9300L-24P-4X,FOC2630Y2GT,2022-SEP-02,2025-SEP-02
CHY-05-ACC,Switch 2,C9300L-48T-4X,FOC2650YKFA,2022-SEP-02,2025-SEP-02
CHY-05-ACC,Switch 3,C9300L-48T-4X,FOC2650YJQU,2022-SEP-02,2025-SEP-02
CHY-05-ACC,Switch 4,C9300L-48T-4X,FOC2650YJ4S,2022-SEP-02,2025-SEP-02
CHY-Dist-SW,Switch 1,C9500-16X,FOC2631YACU,2022-SEP-02,2025-SEP-02
CHY-Dist-SW,Switch 2,C9500-16X,FOC2631YAFH,2022-SEP-02,2025-SEP-02
CoreLab-1F,Switch 1,C9300L-24P-4X,FOC2630Y2LM,2022-SEP-02,2025-SEP-02
CoreLab-1F,Switch 2,C9300L-24T-4X,FOC2651YEQQ,2022-SEP-02,2025-SEP-02
CoreLab-2F,Switch 1,C9300L-24P-4X,FOC2630Y2Y8,2022-SEP-02,2025-SEP-02
CoreLab-GF,Switch 1,C9300L-48T-4X,FOC2650YK5G,2023-APR-12,2026-APR-12
CoreLab-GF,Switch 2,C9300L-24T-4X,FOC2651YCDP,2023-APR-12,2026-APR-12
CoreLab-GF,Switch 3,C9300L-24P-4X,FOC2630Y2L4,2023-APR-12,2026-APR-12
Corelab-Dist-SW,Switch 1,C9500-16X,FOC2631YCQB,2023-JUL-04,2026-JUL-04
Corelab-Dist-SW,Switch 2,C9500-16X,FOC2631YD3F,2023-JUL-04,2026-JUL-04
DH-Dist-SW,Switch 1,C9500-16X,FOC2631YBTK,2023-JUL-04,2026-JUL-04
DH-Dist-SW,Switch 2,C9500-16X,FOC2631YD9E,2023-JUL-04,2026-JUL-04
DoD-Dist-SW,Switch 1,C9500-16X,FJC265214FQ,2023-MAY-02,2026-MAY-02
DoD-Dist-SW,Switch 2,C9500-16X,FJC26512CK2,2023-MAY-02,2026-MAY-02
DoD-Z1-GF,Switch 1,C9300L-24P-4X,FOC2630Y1T3,2022-SEP-02,2025-SEP-02
DoD-Z1-GF,Switch 2,C9300L-48T-4X,FOC2650YNZH,2022-SEP-02,2025-SEP-02
DoD-Z1-GF,Switch 3,C9300L-48T-4X,FOC2650YLUH,2022-SEP-02,2025-SEP-02
DoD-Z1-GF,Switch 4,C9300L-48T-4X,FOC2650YL3M,2022-SEP-02,2025-SEP-02
DoD-Z1-GF,Switch 5,C9300L-48T-4X,FOC2650YJQL,2022-SEP-02,2025-SEP-02
DoD-Z2-GF,Switch 1,C9300L-24P-4X,FOC2629YRB4,2022-SEP-02,2025-SEP-02
DoD-Z3-GF,Switch 1,C9300L-24P-4X,FOC2630Y1BY,2022-SEP-02,2025-SEP-02
DoD-Z3-GF,Switch 2,C9300L-24P-4X,FOC2630Y27E,2022-SEP-02,2025-SEP-02
DoD-Z3-GF,Switch 3,C9300L-24T-4X,FOC2651YDEH,2022-SEP-02,2025-SEP-02
DoD-Z5-1F,Switch 1,C9300L-24P-4X - Provisioned,,2023-JUN-24,2026-JUN-24
DoD-Z5-1F,Switch 2,C9300L-24P-4X,FOC2714Y81V,2023-JUN-24,2026-JUN-24
DoD-Z5-1F,Switch 3,C9300L-24T-4X,FOC2651YE61,2023-JUN-24,2026-JUN-24
DoD-Z6-2F,Switch 1,C9300L-24P-4X,FOC2630Y2LT,2022-SEP-02,2025-SEP-02
DoD-Z6-2F,Switch 2,C9300L-24P-4X,FOC2629YTK5,2022-SEP-02,2025-SEP-02
DoD-Z6-2F,Switch 3,C9300L-24T-4X,FOC2651YEAK,2022-SEP-02,2025-SEP-02
DoD-Z7-1F,Switch 1,C9300L-24P-4X,FOC2630Y28J,2022-SEP-02,2025-SEP-02
DoD-Z8-2F,Switch 1,C9300L-24P-4X,FOC2630Y3RG,2022-SEP-02,2025-SEP-02
DoD-Z8-2F,Switch 2,C9300L-24P-4X,FOC2630Y2J5,2022-SEP-02,2025-SEP-02
DoD-Z8-2F,Switch 3,C9300L-48T-4X,FOC2650YK12,2022-SEP-02,2025-SEP-02
DoD-Z9-3F,Switch 1,C9300L-24P-4X,FOC2630Y3KQ,2022-SEP-02,2025-SEP-02
DoD-Z9-3F,Switch 2,C9300L-24T-4X,FOC2651YE7V,2022-SEP-02,2025-SEP-02
IGH- R1-1F,Switch 1,C9300L-24T-4X,FOC2651Y3AM,2023-MAR-24,2026-MAR-24
IGH- R1-1F,Switch 2,C9300L-24P-4X,FOC2630Y2LW,2023-MAR-24,2026-MAR-24
IGH- R1-2F,Switch 1,C9300L-24T-4X,FOC2651Y40C,2023-MAR-24,2026-MAR-24
IGH- R1-2F,Switch 2,C9300L-24P-4X,FOC2630Y27T,2023-MAR-24,2026-MAR-24
IGH- R1-3F,Switch 1,C9300L-24T-4X,FOC2651Y403,2022-SEP-02,2025-SEP-02
IGH- R1-3F,Switch 2,C9300L-24P-4X,FOC2630Y2ET,2022-SEP-02,2025-SEP-02
IGH- R1-4F,Switch 1,C9300L-24P-4X,FOC2630Y25D,2022-SEP-02,2025-SEP-02
IGH- R1-5F,Switch 1,C9300L-24P-4X,FOC2630Y2SZ,2022-SEP-02,2025-SEP-02
IGH- R1-GF,Switch 1,C9300L-24P-4X,FOC2630Y273,-,-
IGH- R2-1F,Switch 1,C9300L-24P-4X,FOC2630Y39X,2022-SEP-02,2025-SEP-02
IGH- R2-2F,Switch 1,C9300L-24T-4X,FOC2651Y3ZY,2023-MAR-24,2026-MAR-24
IGH- R2-2F,Switch 2,C9300L-24P-4X,FOC2630Y245,2023-MAR-24,2026-MAR-24
IGH- R2-3F,Switch 1,C9300L-24T-4X,FOC2651Z336,2023-MAR-24,2026-MAR-24
IGH- R2-3F,Switch 2,C9300L-24P-4X,FOC2629YM0T,2023-MAR-24,2026-MAR-24
IGH- R2-4F,Switch 1,C9300L-24P-4X,FOC2630Y1FZ,2022-SEP-02,2025-SEP-02
IGH- R2-5F,Switch 1,C9300L-24P-4X,FOC2630Y39T,2022-SEP-02,2025-SEP-02
IGH- R2-GF,Switch 1,C9300L-24T-4X,FOC2651Y3AA,2023-MAR-24,2026-MAR-24
IGH- R2-GF,Switch 2,C9300L-24P-4X,FOC2630Y2HX,2023-MAR-24,2026-MAR-24
IGH- R3-1F,Switch 1,C9300L-24P-4X,FOC2630Y2L1,2022-SEP-02,2025-SEP-02
IGH- R3-2F,Switch 1,C9300L-24P-4X,FOC2630Y2YF,2022-SEP-02,2025-SEP-02
IGH- R3-3F,Switch 1,C9300L-24P-4X,FOC2630Y4MF,2022-SEP-02,2025-SEP-02
IGH- R3-4F,Switch 1,C9300L-24P-4X,FOC2630Y4MC,2022-SEP-02,2025-SEP-02
IGH- R3-GF,Switch 1,C9300L-24P-4X,FOC2630Y373,2022-SEP-02,2025-SEP-02
IGH- R4-1F,Switch 1,C9300L-24P-4X,FOC2630Y2KZ,2022-SEP-02,2025-SEP-02
IGH- R4-2F,Switch 1,C9300L-24P-4X,FOC2630Y2N5,2022-SEP-02,2025-SEP-02
IGH- R4-3F,Switch 1,C9300L-24P-4X,FOC2630Y6XQ,2022-SEP-02,2025-SEP-02
IGH- R4-4F,Switch 1,C9300L-24P-4X,FOC2630Y2GG,2022-SEP-02,2025-SEP-02
IGH- R4-GF,Switch 1,C9300L-24P-4X,FOC2630Y440,2022-SEP-02,2025-SEP-02
IGH-Dist-SW,Switch 1,C9500-40X,FOC2629Y5SN,2023-MAR-20,2026-MAR-20
IGH-Dist-SW,Switch 2,C9500-40X,FOC2629YHRW,2023-MAR-20,2026-MAR-20
KNC-Dist-SW,Switch 1,C9500-16X,FOC2638YFEQ,2023-MAR-20,2026-MAR-20
KNC-Dist-SW,Switch 2,C9500-16X,FOC2639Y3B0,2023-MAR-20,2026-MAR-20
KNC-R1-00,Switch 1,C9300L-48T-4X,FOC2626YEL4,2022-AUG-26,2025-AUG-26
KNC-R1-00,Switch 2,C9300L-24P-4X,FOC2644Y9GB,2022-AUG-26,2025-AUG-26
KNC-R1-01,Switch 1,C9300L-24P-4X,FOC2644Y6Q5,2023-MAR-20,2026-MAR-20
KNC-R1-02,Switch 1,C9300L-24T-4X,FOC2650YDCA,2023-MAR-24,2026-MAR-24
KNC-R1-02,Switch 2,C9300L-24P-4X,FOC2644Y6PH,2023-MAR-24,2026-MAR-24
KNC-R1-03,Switch 1,C9300L-24T-4X,FOC2651Y5W8,2023-MAR-24,2026-MAR-24
KNC-R1-03,Switch 2,C9300L-24P-4X,FOC2644Y6AH,2023-MAR-24,2026-MAR-24
KNC-R2-00,Switch 1,C9300L-24P-4X,FOC2644Y9GC,2023-MAR-20,2026-MAR-20
KNC-R2-02,Switch 1,C9300L-24T-4X,FOC2651Y3QN,2023-MAR-24,2026-MAR-24
KNC-R2-02,Switch 2,C9300L-24P-4X,FOC2644Y6P3,2023-MAR-24,2026-MAR-24
KNC-R2-03,Switch 1,C9300L-24T-4X,FOC2651Y485,2023-MAR-24,2026-MAR-24
KNC-R2-03,Switch 2,C9300L-24P-4X,FOC2644Y6X0,2023-MAR-24,2026-MAR-24
LH-Dist-SW,Switch 1,C9500-16X,FOC2639Y3NE,2023-MAR-20,2026-MAR-20
LH-Dist-SW,Switch 2,C9500-16X,FJC27042MTN,2023-MAR-20,2026-MAR-20
LH-Part 1-LGF,Switch 1,C9300L-24P-4X,FOC2630Y1Q0,2022-SEP-02,2025-SEP-02
LH-Part 1-LGF,Switch 2,C9300L-24P-4X,FOC2714Y7MQ,2022-SEP-02,2025-SEP-02
LH-Part 1-UGF,Switch 1,C9300L-24P-4X,FOC2630Y1C6,2022-SEP-02,2025-SEP-02
LH-Part 1-UGF,Switch 2,C9300L-24P-4X,FOC2714Y8H9,2022-SEP-02,2025-SEP-02
LH-Part 3-UGF,Switch 1,C9300L-24P-4X,FOC2630Y2GL,2022-SEP-02,2025-SEP-02
LH-Part 3-UGF,Switch 2,C9300L-24P-4X,FOC2630Y26R,2022-SEP-02,2025-SEP-02
LH-Part 3-UGF,Switch 3,C9300L-24P-4X,FOC2630Y2L7,2022-SEP-02,2025-SEP-02
LH-Part 3-UGF,Switch 4,C9300L-24P-4X,FOC2630Y27B,2022-SEP-02,2025-SEP-02
LH-Part 5-UGF,Switch 1,C9300L-24P-4X,FOC2714Y8H2,2023-JUN-24,2026-JUN-24
MSH-North-SW,Switch 1,C9300L-48T-4X,FOC2650YM52,2023-APR-12,2026-APR-12
MSH-North-SW,Switch 2,C9300L-24P-4X,FOC2630Y21Z,2023-APR-12,2026-APR-12
MSH-South-SW,Switch 1,C9300L-48T-4X,FOC2650YLU5,2023-APR-12,2026-APR-12
MSME-2F-SW,Switch 1,C9300L-24P-4X,FOC2630Y1TY,2022-SEP-02,2025-SEP-02
MSME-2F-SW,Switch 2,C9300L-48T-4X,FOC2626YHQ2,2022-SEP-02,2025-SEP-02
MSME-2F-SW,Switch 3,C9300L-48T-4X,FOC2626YD4L,2022-SEP-02,2025-SEP-02
MSME-3F-SW,Switch 1,C9300L-24P-4X,FOC2630Y2KK,2022-AUG-26,2025-AUG-26
MSME-3F-SW,Switch 2,C9300L-48T-4X,FOC2626YECZ,2022-AUG-26,2025-AUG-26
MSME-3F-SW,Switch 3,C9300L-48T-4X,FOC2626YGH5,2022-AUG-26,2025-AUG-26
MSME-4F-SW,Switch 1,C9300L-24P-4X,FOC2630Y2GK,2022-SEP-02,2025-SEP-02
MSME-4F-SW,Switch 2,C9300L-48T-4X,FOC2626YHYL,2022-SEP-02,2025-SEP-02
MSME-4F-SW,Switch 3,C9300L-48T-4X,FOC2626YHN7,2022-SEP-02,2025-SEP-02
MSME-Dist-SW,Switch 1,C9500-16X,FOC2631YAVP,2022-SEP-02,2025-SEP-02
MSME-Dist-SW,Switch 2,C9500-16X,FOC2631Y8RM,2022-SEP-02,2025-SEP-02
MSME-GF-SW,Switch 1,C9300L-48T-4X,FOC2626YJPK,2022-AUG-26,2025-AUG-26
MSME-GF-SW,Switch 2,C9300L-24P-4X,FOC2630Y24M,2022-AUG-26,2025-AUG-26
NewDH-SW,Switch 1,C9300L-24P-4X,FOC2630Y27M,2022-SEP-02,2025-SEP-02
RCC-Dist-SW,Switch 1,C9500-16X,FOC2631YAK0,2022-SEP-02,2025-SEP-02
RCC-Dist-SW,Switch 2,C9500-16X,FOC2631YCVC,2022-SEP-02,2025-SEP-02
RCC-R1-1F,Switch 1,C9300L-24P-4X,FOC2630Y27P,2022-SEP-02,2025-SEP-02
RCC-R1-2F,Switch 1,C9300L-24T-4X,FOC2651Y40N,2023-MAR-24,2026-MAR-24
RCC-R1-2F,Switch 2,C9300L-24P-4X,FOC2630Y0WL,2023-MAR-24,2026-MAR-24
RCC-R1-3F,Switch 1,C9300L-24P-4X,FOC2630Y2L9,2022-SEP-02,2025-SEP-02
RCC-R1-4F,Switch 1,C9300L-24P-4X,FOC2630Y377,2022-SEP-02,2025-SEP-02
RCC-R1-GF,Switch 1,C9300L-24T-4X,FOC2651Y3HM,2023-MAR-24,2026-MAR-24
RCC-R1-GF,Switch 2,C9300L-24P-4X,FOC2630Y21U,2023-MAR-24,2026-MAR-24
RCC-R2-2F,Switch 1,C9300L-24T-4X,FOC2651Y41N,2023-MAR-24,2026-MAR-24
RCC-R2-2F,Switch 2,C9300L-24P-4X,FOC2630Y255,2023-MAR-24,2026-MAR-24
RCC-R2-3F,Switch 1,C9300L-24P-4X,FOC2630Y2KM,2022-SEP-02,2025-SEP-02
RCC-R2-4F,Switch 1,C9300L-24T-4X,FOC2651Y3ZW,2023-MAR-24,2026-MAR-24
RCC-R2-4F,Switch 2,C9300L-24P-4X,FOC2630Y2E4,2023-MAR-24,2026-MAR-24
RCC-R2-GF,Switch 1,C9300L-24P-4X,FOC2630Y21N,2022-SEP-02,2025-SEP-02
SNCC-1F-R1,Switch 1,C9300L-24P-4X,FOC2630Y723,2022-SEP-02,2025-SEP-02
SNCC-1F-R2,Switch 1,C9300L-24T-4X,FOC2651Y3AG,2023-MAR-24,2026-MAR-24
SNCC-1F-R3,Switch 1,C9300L-24P-4X,FOC2644Y7AC,2023-MAR-20,2026-MAR-20
SNCC-Dist-SW,Switch 1,C9500-16X,FOC2643YJAE,2022-SEP-02,2025-SEP-02
SNCC-Dist-SW,Switch 2,C9500-16X,FOC2631YAHT,2022-SEP-02,2025-SEP-02
SNCC-GF-R1,Switch 1,C9300L-24P-4X,FOC2629YUDE,2022-SEP-02,2025-SEP-02
SNCC-GF-R1,Switch 2,C9300L-24T-4X,FOC2651Y3AS,2022-SEP-02,2025-SEP-02
SNCC-GF-R2,Switch 1,C9300L-24P-4X,FOC2630Y3MA,2022-SEP-02,2025-SEP-02
SNCC-GF-R2,Switch 2,C9300L-24T-4X,FOC2651Y3C7,2022-SEP-02,2025-SEP-02
SNCC-GF-R3,Switch 1,C9300L-24P-4X,FOC2644Y91W,2023-MAR-20,2026-MAR-20
SNCC-GF-R4,Switch 1,C9300L-24P-4X,FOC2644Y6B9,2023-MAR-20,2026-MAR-20
SNCC-GF-R5,Switch 1,C9300L-24P-4X,FOC2644Y9MW,2023-MAR-20,2026-MAR-20
SNCC-GF-R6,Switch 1,C9300L-24P-4X,FOC2630Y0TM,2022-SEP-02,2025-SEP-02
TIP-A wing-1F,Switch 1,C9300L-24T-4X,FOC2651YJUQ,2023-JAN-26,2026-JAN-26
TIP-A wing-1F,Switch 2,C9300L-24P-4X,FOC2630Y4DG,2023-JAN-26,2026-JAN-26
TIP-A wing-2F,Switch 1,C9300L-24T-4X,FOC2651YJJ0,2023-JAN-26,2026-JAN-26
TIP-A wing-2F,Switch 2,C9300L-24P-4X - Provisioned,,2023-JAN-26,2026-JAN-26
TIP-A wing-3F,Switch 1,C9300L-24P-4X,FOC2630Y1JJ,2022-SEP-02,2025-SEP-02
TIP-A wing-4F,Switch 1,C9300L-24P-4X,FOC2630Y2YE,2022-SEP-02,2025-SEP-02
TIP-A wing-GF,Switch 1,C9300L-24P-4X,FOC2630Y2J6,2022-SEP-02,2025-SEP-02
TIP-A wing-GF,Switch 2,C9300L-24T-4X,FOC2651YJHU,2022-SEP-02,2025-SEP-02
TIP-B wing-1F,Switch 1,C9300L-24T-4X,FOC2651YJVV,2022-SEP-02,2025-SEP-02
TIP-B wing-1F,Switch 2,C9300L-24P-4X,FOC2629YU0A,2022-SEP-02,2025-SEP-02
TIP-B wing-2F,Switch 1,C9300L-24P-4X,FOC2630Y3XK,2022-SEP-02,2025-SEP-02
TIP-B wing-3F,Switch 1,C9300L-24P-4X,FOC2630Y24C,2022-SEP-02,2025-SEP-02
TIP-B wing-4F,Switch 1,C9300L-24P-4X,FOC2630Y3JL,2022-SEP-02,2025-SEP-02
TIP-B wing-5F,Switch 1,C9300L-24P-4X,FOC2630Y2QP,2022-SEP-02,2025-SEP-02
TIP-B wing-GF,Switch 1,C9300L-24P-4X,FOC2630Y25Q,2023-JAN-26,2026-JAN-26
TIP-B wing-GF,Switch 2,C9300L-24T-4X,FOC2651YJKL,2023-JAN-26,2026-JAN-26
TIP-B wing-GF,Switch 3,C9300L-24P-4X - Provisioned,,2023-JAN-26,2026-JAN-26
TIP-Dist-SW,Switch 1,C9500-16X,FOC2631YACR,-,-
TIP-Dist-SW,Switch 2,C9500-16X,FOC2631Y8DF,-,-
