Hostname,Name,Description,Serial Number
BHJ-A-3F-SW,c93xxL Stack,c93xxL Stack,FOC2650YM6J
BHJ-A-3F-SW,Switch 1,C9300L-48T-4X,FOC2650YM6J
BHJ-A-3F-SW,StackAdapter1/1,StackAdapter1/1,FOC263466UJ
BHJ-A-3F-SW,StackAdapter1/2,StackAdapter1/2,FOC2634661V
BHJ-A-3F-SW,Switch 1 - Power Supply B,Switch 1 - Power Supply B,DCC2651B0K5
BHJ-A-6F-SW,c93xxL Stack,c93xxL Stack,FOC2650YNCA
BHJ-A-6F-SW,Switch 1,C9300L-48T-4X,FOC2650YNCA
BHJ-A-6F-SW,StackAdapter1/1,StackAdapter1/1,FOC2634622W
BHJ-A-6F-SW,StackAdapter1/2,StackAdapter1/2,FOC263469BH
BHJ-A-6F-SW,Switch 1 - Power Supply B,Switch 1 - Power Supply B,DCC2651B0J5
BHJ-A-9F-SW,c93xxL Stack,c93xxL Stack,FOC2650YK56
BHJ-A-9F-SW,Switch 1,C9300L-48T-4X,FOC2650YK56
BHJ-A-9F-SW,StackAdapter1/1,StackAdapter1/1,FOC263462H3
BHJ-A-9F-SW,StackAdapter1/2,StackAdapter1/2,FOC263462LU
BHJ-A-9F-SW,Switch 1 - Power Supply B,Switch 1 - Power Supply B,DCC2651B0TV
BHJ-A-GF-SW,c93xxL Stack,c93xxL Stack,FOC2651YDQH
BHJ-A-GF-SW,Switch 1,C9300L-24T-4X,FOC2651YDQH
BHJ-A-GF-SW,StackAdapter1/1,StackAdapter1/1,FOC26462STH
BHJ-A-GF-SW,StackAdapter1/2,StackAdapter1/2,FOC26449L8K
BHJ-A-GF-SW,Switch 1 - Power Supply B,Switch 1 - Power Supply B,DCC2650B1FN
BHJ-A-GF-SW,Te1/1/1,SFP-10GBase-LR,ACW26140A6E
BHJ-B-3F-SW,c93xxL Stack,c93xxL Stack,FOC2650YM2C
BHJ-B-3F-SW,Switch 1,C9300L-48T-4X,FOC2650YM2C
BHJ-B-3F-SW,StackAdapter1/1,StackAdapter1/1,FOC263461D8
BHJ-B-3F-SW,StackAdapter1/2,StackAdapter1/2,FOC2634669E
BHJ-B-3F-SW,Switch 1 - Power Supply B,Switch 1 - Power Supply B,DCC2651B0JS
BHJ-B-3F-SW,Te1/1/3,10/100/1000BaseTX SFP,AGM1919465P
BHJ-B-3F-SW,Te1/1/4,10/100/1000BaseTX SFP,AGM1919466J
BHJ-B-6F-SW,c93xxL Stack,c93xxL Stack,FOC2650YK2A
BHJ-B-6F-SW,Switch 1,C9300L-48T-4X,FOC2650YK2A
BHJ-B-6F-SW,StackAdapter1/1,StackAdapter1/1,FOC26346GUJ
BHJ-B-6F-SW,StackAdapter1/2,StackAdapter1/2,FOC26346G2R
BHJ-B-6F-SW,Switch 1 - Power Supply B,Switch 1 - Power Supply B,DCC2651B3H2
BHJ-B-6F-SW,Te1/1/3,10/100/1000BaseTX SFP,AGM172626TT
BHJ-B-6F-SW,Te1/1/4,10/100/1000BaseTX SFP,AGM172626U9
BHJ-B-9F-SW,c93xxL Stack,c93xxL Stack,FOC2650YLZY
BHJ-B-9F-SW,Switch 1,C9300L-48T-4X,FOC2650YLZY
BHJ-B-9F-SW,StackAdapter1/1,StackAdapter1/1,FOC26345ZVY
BHJ-B-9F-SW,StackAdapter1/2,StackAdapter1/2,FOC26345ZWE
BHJ-B-9F-SW,Switch 1 - Power Supply B,Switch 1 - Power Supply B,DCC2651B29D
BHJ-B-9F-SW,Te1/1/4,10/100/1000BaseTX SFP,AGM172626U2
BHJ-B-GF-SW,c93xxL Stack,c93xxL Stack,FOC2651YDPN
BHJ-B-GF-SW,Switch 1,C9300L-24T-4X,FOC2651YDPN
BHJ-B-GF-SW,StackAdapter1/1,StackAdapter1/1,FOC26462STS
BHJ-B-GF-SW,StackAdapter1/2,StackAdapter1/2,FOC26449HT4
BHJ-B-GF-SW,Switch 1 - Power Supply B,Switch 1 - Power Supply B,DCC2650B1FJ
BHJ-B-GF-SW,Te1/1/1,SFP-10GBase-LR,ACW26140BR8
BHK-A-3F-SW,c93xxL Stack,c93xxL Stack,FOC2626YENG
BHK-A-3F-SW,Switch 1,C9300L-48T-4X,FOC2626YENG
BHK-A-3F-SW,Switch 1 - Power Supply A,Switch 1 - Power Supply A,DCC2620B9PM
BHK-A-6F-SW,c93xxL Stack,c93xxL Stack,FOC2626YHMX
BHK-A-6F-SW,Switch 1,C9300L-48T-4X,FOC2626YHMX
BHK-A-6F-SW,Switch 1 - Power Supply A,Switch 1 - Power Supply A,DCC2620BATH
BHK-A-9F-SW,c93xxL Stack,c93xxL Stack,FOC2626YEKG
BHK-A-9F-SW,Switch 1,C9300L-48T-4X,FOC2626YEKG
BHK-A-9F-SW,Switch 1 - Power Supply A,Switch 1 - Power Supply A,DCC2620B9P3
BHK-A-GF-SW,c93xxL Stack,c93xxL Stack,FOC2630Y5H2
BHK-A-GF-SW,Switch 1,C9300L-24P-4X,FOC2630Y5H2
BHK-A-GF-SW,Switch 1 - Power Supply B,Switch 1 - Power Supply B,DCC2629CGV5
BHK-A-GF-SW,Te1/1/1,SFP-10GBase-LR,FNS26030EMS
BHK-B-3F-SW,c93xxL Stack,c93xxL Stack,FOC2626YEEF
BHK-B-3F-SW,Switch 1,C9300L-48T-4X,FOC2626YEEF
BHK-B-3F-SW,Switch 1 - Power Supply A,Switch 1 - Power Supply A,DCC2620B9NW
BHK-B-6F-SW,c93xxL Stack,c93xxL Stack,FOC2626YEMH
BHK-B-6F-SW,Switch 1,C9300L-48T-4X,FOC2626YEMH
BHK-B-6F-SW,Switch 1 - Power Supply A,Switch 1 - Power Supply A,DCC2620B9P6
BHK-B-9F-SW,c93xxL Stack,c93xxL Stack,FOC2626YES8
BHK-B-9F-SW,Switch 1,C9300L-48T-4X,FOC2626YES8
BHK-B-9F-SW,Switch 1 - Power Supply A,Switch 1 - Power Supply A,DCC2620B9NJ
BHK-B-GF-SW,c93xxL Stack,c93xxL Stack,FOC2630Y23G
BHK-B-GF-SW,Switch 1,C9300L-24P-4X,FOC2630Y23G
BHK-B-GF-SW,Switch 1 - Power Supply B,Switch 1 - Power Supply B,DCC2628C13T
BHK-B-GF-SW,Te1/1/1,SFP-10GBase-LR,OPM26021UGB
BHL-A-3F-SW,c93xxL Stack,c93xxL Stack,FOC2650YK4R
BHL-A-3F-SW,Switch 1,C9300L-48T-4X,FOC2650YK4R
BHL-A-3F-SW,StackAdapter1/1,StackAdapter1/1,FOC263466NZ
BHL-A-3F-SW,StackAdapter1/2,StackAdapter1/2,FOC263466KQ
BHL-A-3F-SW,Switch 1 - Power Supply B,Switch 1 - Power Supply B,DCC2651B3X2
BHL-A-3F-SW,Te1/1/1,SFP-10GBase-LR,ACW26140BQW
BHL-A-3F-SW,Te1/1/2,SFP-10GBase-LR,ACW26140A6N
BHL-A-6F-SW,c93xxL Stack,c93xxL Stack,FOC2650YLXE
BHL-A-6F-SW,Switch 1,C9300L-48T-4X,FOC2650YLXE
BHL-A-6F-SW,StackAdapter1/1,StackAdapter1/1,FOC263469K9
BHL-A-6F-SW,StackAdapter1/2,StackAdapter1/2,FOC26346285
BHL-A-6F-SW,Switch 1 - Power Supply B,Switch 1 - Power Supply B,DCC2651B3JE
BHL-A-6F-SW,Te1/1/1,SFP-10GBase-LR,ACW26140A7G
BHL-A-6F-SW,Te1/1/2,SFP-10GBase-LR,ACW26140BPU
BHL-A-9F-SW,c93xxL Stack,c93xxL Stack,FOC2650YJNW
BHL-A-9F-SW,Switch 1,C9300L-48T-4X,FOC2650YJNW
BHL-A-9F-SW,StackAdapter1/1,StackAdapter1/1,FOC2634697H
BHL-A-9F-SW,StackAdapter1/2,StackAdapter1/2,FOC26346710
BHL-A-9F-SW,Switch 1 - Power Supply B,Switch 1 - Power Supply B,DCC2651B3HA
BHL-A-9F-SW,Te1/1/1,SFP-10GBase-LR,ACW26140BRR
BHL-A-GF-SW,c93xxL Stack,c93xxL Stack,FOC2651YDGB
BHL-A-GF-SW,Switch 1,C9300L-24T-4X,FOC2651YDGB
BHL-A-GF-SW,StackAdapter1/1,StackAdapter1/1,FOC26449GAX
BHL-A-GF-SW,StackAdapter1/2,StackAdapter1/2,FOC26449GAY
BHL-A-GF-SW,Switch 1 - Power Supply B,Switch 1 - Power Supply B,DCC2650B1GD
BHL-A-GF-SW,Te1/1/1,SFP-10GBase-LR,ACW26140BQ1
BHL-A-GF-SW,Te1/1/3,SFP-10GBase-LR,ACW26140A71
BHL-B-3F-SW,c93xxL Stack,c93xxL Stack,FOC2650YJTC
BHL-B-3F-SW,Switch 1,C9300L-48T-4X,FOC2650YJTC
BHL-B-3F-SW,StackAdapter1/1,StackAdapter1/1,FOC26346CTK
BHL-B-3F-SW,StackAdapter1/2,StackAdapter1/2,FOC26346DH4
BHL-B-3F-SW,Switch 1 - Power Supply B,Switch 1 - Power Supply B,DCC2651B2AY
BHL-B-3F-SW,Te1/1/1,SFP-10GBase-LR,ACW26140BPF
BHL-B-3F-SW,Te1/1/2,SFP-10GBase-LR,ACW26140BWT
BHL-B-6F-SW,c93xxL Stack,c93xxL Stack,FOC2650YN8E
BHL-B-6F-SW,Switch 1,C9300L-48T-4X,FOC2650YN8E
BHL-B-6F-SW,StackAdapter1/1,StackAdapter1/1,FOC2634668F
BHL-B-6F-SW,StackAdapter1/2,StackAdapter1/2,FOC263461ZF
BHL-B-6F-SW,Switch 1 - Power Supply B,Switch 1 - Power Supply B,DCC2651B0J3
BHL-B-6F-SW,Te1/1/1,SFP-10GBase-LR,ACW26140A6B
BHL-B-6F-SW,Te1/1/2,SFP-10GBase-LR,ACW26140BS6
BHL-B-9F-SW,c93xxL Stack,c93xxL Stack,FOC2650YJR8
BHL-B-9F-SW,Switch 1,C9300L-48T-4X,FOC2650YJR8
BHL-B-9F-SW,StackAdapter1/1,StackAdapter1/1,FOC26346GUR
BHL-B-9F-SW,StackAdapter1/2,StackAdapter1/2,FOC26346DGL
BHL-B-9F-SW,Switch 1 - Power Supply B,Switch 1 - Power Supply B,DCC2651B3UG
BHL-B-9F-SW,Te1/1/1,SFP-10GBase-LR,ACW26140BRW
BHL-B-GF-SW,c93xxL Stack,c93xxL Stack,FOC2651YEBW
BHL-B-GF-SW,Switch 1,C9300L-24T-4X,FOC2651YEBW
BHL-B-GF-SW,StackAdapter1/1,StackAdapter1/1,FOC26449KG1
BHL-B-GF-SW,StackAdapter1/2,StackAdapter1/2,FOC26462STL
BHL-B-GF-SW,Switch 1 - Power Supply B,Switch 1 - Power Supply B,DCC2649B11P
BHL-B-GF-SW,Te1/1/1,SFP-10GBase-LR,ACW26140BRL
BHL-B-GF-SW,Te1/1/3,SFP-10GBase-LR,ACW26140BRH
BHM-A-3F-SW,c93xxL Stack,c93xxL Stack,FOC2650YNWU
BHM-A-3F-SW,Switch 1,C9300L-48T-4X,FOC2650YNWU
BHM-A-3F-SW,StackAdapter1/1,StackAdapter1/1,FOC26346J64
BHM-A-3F-SW,StackAdapter1/2,StackAdapter1/2,FOC2634669H
BHM-A-3F-SW,Switch 1 - Power Supply B,Switch 1 - Power Supply B,DCC2651B0JE
BHM-A-3F-SW,Te1/1/1,SFP-10GBase-LR,ACW26140BS5
BHM-A-3F-SW,Te1/1/3,SFP-10GBase-LR,ACW26140BFX
BHM-A-6F-SW,c93xxL Stack,c93xxL Stack,FOC2650YK6N
BHM-A-6F-SW,Switch 1,C9300L-48T-4X,FOC2650YK6N
BHM-A-6F-SW,StackAdapter1/1,StackAdapter1/1,FOC263462H5
BHM-A-6F-SW,StackAdapter1/2,StackAdapter1/2,FOC2634614Y
BHM-A-6F-SW,Switch 1 - Power Supply B,Switch 1 - Power Supply B,DCC2651B3X4
BHM-A-6F-SW,Te1/1/1,SFP-10GBase-LR,ACW26140BF9
BHM-A-6F-SW,Te1/1/3,SFP-10GBase-LR,ACW26140BPL
BHM-A-9F-SW,c93xxL Stack,c93xxL Stack,FOC2650YM8B
BHM-A-9F-SW,Switch 1,C9300L-48T-4X,FOC2650YM8B
BHM-A-9F-SW,StackAdapter1/1,StackAdapter1/1,FOC26346KB9
BHM-A-9F-SW,StackAdapter1/2,StackAdapter1/2,FOC2634661U
BHM-A-9F-SW,Switch 1 - Power Supply B,Switch 1 - Power Supply B,DCC2651B23H
BHM-A-9F-SW,Te1/1/1,SFP-10GBase-LR,ACW26140BPX
BHM-A-GF-SW,c93xxL Stack,c93xxL Stack,FOC2651YDE4
BHM-A-GF-SW,Switch 1,C9300L-24T-4X,FOC2651YDE4
BHM-A-GF-SW,StackAdapter1/1,StackAdapter1/1,FOC26449GAV
BHM-A-GF-SW,StackAdapter1/2,StackAdapter1/2,FOC26450043
BHM-A-GF-SW,Switch 1 - Power Supply B,Switch 1 - Power Supply B,DCC2650B1GK
BHM-A-GF-SW,Te1/1/1,SFP-10GBase-LR,OPM26021UBX
BHM-A-GF-SW,Te1/1/3,SFP-10GBase-LR,ACW26140BEJ
BHM-B-3F-SW,c93xxL Stack,c93xxL Stack,FOC2650YJLH
BHM-B-3F-SW,Switch 1,C9300L-48T-4X,FOC2650YJLH
BHM-B-3F-SW,StackAdapter1/1,StackAdapter1/1,FOC2634697J
BHM-B-3F-SW,StackAdapter1/2,StackAdapter1/2,FOC26346ELK
BHM-B-3F-SW,Switch 1 - Power Supply B,Switch 1 - Power Supply B,DCC2651B3G3
BHM-B-3F-SW,Te1/1/1,SFP-10GBase-LR,ACW26140A7J
BHM-B-3F-SW,Te1/1/2,SFP-10GBase-LR,ACW26140BG5
BHM-B-6F-SW,c93xxL Stack,c93xxL Stack,FOC2650YL2B
BHM-B-6F-SW,Switch 1,C9300L-48T-4X,FOC2650YL2B
BHM-B-6F-SW,StackAdapter1/1,StackAdapter1/1,FOC263462SS
BHM-B-6F-SW,StackAdapter1/2,StackAdapter1/2,FOC2634606W
BHM-B-6F-SW,Switch 1 - Power Supply B,Switch 1 - Power Supply B,DCC2651B3HB
BHM-B-6F-SW,Te1/1/1,SFP-10GBase-LR,ACW26140BSR
BHM-B-6F-SW,Te1/1/2,SFP-10GBase-LR,ACW26140BSE
BHM-B-9F-SW,c93xxL Stack,c93xxL Stack,FOC2650YL1P
BHM-B-9F-SW,Switch 1,C9300L-48T-4X,FOC2650YL1P
BHM-B-9F-SW,StackAdapter1/1,StackAdapter1/1,FOC2634623G
BHM-B-9F-SW,StackAdapter1/2,StackAdapter1/2,FOC26346AUM
BHM-B-9F-SW,Switch 1 - Power Supply B,Switch 1 - Power Supply B,DCC2651B0TD
BHM-B-9F-SW,Te1/1/1,SFP-10GBase-LR,ACW26140BSB
BHM-B-GF-SW,c93xxL Stack,c93xxL Stack,FOC2651YEAF
BHM-B-GF-SW,Switch 1,C9300L-24T-4X,FOC2651YEAF
BHM-B-GF-SW,StackAdapter1/1,StackAdapter1/1,FOC26462ST7
BHM-B-GF-SW,StackAdapter1/2,StackAdapter1/2,FOC26462STC
BHM-B-GF-SW,Switch 1 - Power Supply B,Switch 1 - Power Supply B,DCC2650B1FK
BHM-B-GF-SW,Te1/1/1,SFP-10GBase-LR,FNS26030EP8
BHM-B-GF-SW,Te1/1/3,SFP-10GBase-LR,ACW26140BR2
BHN-A-3F-SW,c93xxL Stack,c93xxL Stack,FOC2626YHWY
BHN-A-3F-SW,Switch 1,C9300L-48T-4X,FOC2626YHWY
BHN-A-3F-SW,StackAdapter1/1,StackAdapter1/1,FOC261482TG
BHN-A-3F-SW,StackAdapter1/2,StackAdapter1/2,FOC261486VF
BHN-A-3F-SW,Switch 1 - Power Supply A,Switch 1 - Power Supply A,DCC2620BANU
BHN-A-3F-SW,Te1/1/1,SFP-10GBase-LR,ACW26140BRV
BHN-A-3F-SW,Te1/1/2,SFP-10GBase-LR,ACW26140A77
BHN-A-6F-SW,c93xxL Stack,c93xxL Stack,FOC2626YHMB
BHN-A-6F-SW,Switch 1,C9300L-48T-4X,FOC2626YHMB
BHN-A-6F-SW,StackAdapter1/1,StackAdapter1/1,FOC261484J2
BHN-A-6F-SW,StackAdapter1/2,StackAdapter1/2,FOC261484FR
BHN-A-6F-SW,Switch 1 - Power Supply A,Switch 1 - Power Supply A,DCC2620BATP
BHN-A-6F-SW,Te1/1/1,SFP-10GBase-LR,ACW26140BRM
BHN-A-6F-SW,Te1/1/2,SFP-10GBase-LR,ACW26140BEY
BHN-A-9F-SW,c93xxL Stack,c93xxL Stack,FOC2626YHZ2
BHN-A-9F-SW,Switch 1,C9300L-48T-4X,FOC2626YHZ2
BHN-A-9F-SW,StackAdapter1/1,StackAdapter1/1,FOC261482SN
BHN-A-9F-SW,StackAdapter1/2,StackAdapter1/2,FOC2614838V
BHN-A-9F-SW,Switch 1 - Power Supply A,Switch 1 - Power Supply A,DCC2620BATT
BHN-A-9F-SW,Te1/1/1,SFP-10GBase-LR,ACW26140BPR
BHN-A-GF-SW,c93xxL Stack,c93xxL Stack,FOC2630Y46L
BHN-A-GF-SW,Switch 1,C9300L-24P-4X,FOC2630Y46L
BHN-A-GF-SW,StackAdapter1/1,StackAdapter1/1,FOC26247JYE
BHN-A-GF-SW,StackAdapter1/2,StackAdapter1/2,FOC26260TDR
BHN-A-GF-SW,Switch 1 - Power Supply A,Switch 1 - Power Supply A,DCC2628C7YS
BHN-A-GF-SW,Switch 1 - Power Supply B,Switch 1 - Power Supply B,DCC2628C99P
BHN-A-GF-SW,Te1/1/2,SFP-10GBase-LR,OPM26021UH5
BHN-A-GF-SW,Te1/1/3,SFP-10GBase-LR,ACW26140BS9
BHN-B-3F-SW,c93xxL Stack,c93xxL Stack,FOC2626YEZ1
BHN-B-3F-SW,Switch 1,C9300L-48T-4X,FOC2626YEZ1
BHN-B-3F-SW,StackAdapter1/1,StackAdapter1/1,FOC262057XA
BHN-B-3F-SW,StackAdapter1/2,StackAdapter1/2,FOC26205653
BHN-B-3F-SW,Switch 1 - Power Supply A,Switch 1 - Power Supply A,DCC2620B9PF
BHN-B-3F-SW,Te1/1/1,SFP-10GBase-LR,ACW26140BEP
BHN-B-3F-SW,Te1/1/2,SFP-10GBase-LR,ACW26140BQH
BHN-B-6F-SW,c93xxL Stack,c93xxL Stack,FOC2626YHN6
BHN-B-6F-SW,Switch 1,C9300L-48T-4X,FOC2626YHN6
BHN-B-6F-SW,StackAdapter1/1,StackAdapter1/1,FOC261484EE
BHN-B-6F-SW,StackAdapter1/2,StackAdapter1/2,FOC261482TE
BHN-B-6F-SW,Switch 1 - Power Supply A,Switch 1 - Power Supply A,DCC2620BATK
BHN-B-6F-SW,Te1/1/1,SFP-10GBase-LR,ACW26140BRG
BHN-B-6F-SW,Te1/1/2,SFP-10GBase-LR,ACW26140BPE
BHN-B-9F-SW,c93xxL Stack,c93xxL Stack,FOC2626YHMT
BHN-B-9F-SW,Switch 1,C9300L-48T-4X,FOC2626YHMT
BHN-B-9F-SW,StackAdapter1/1,StackAdapter1/1,FOC261484DS
BHN-B-9F-SW,StackAdapter1/2,StackAdapter1/2,FOC261484EC
BHN-B-9F-SW,Switch 1 - Power Supply A,Switch 1 - Power Supply A,DCC2620BATL
BHN-B-9F-SW,Te1/1/1,SFP-10GBase-LR,ACW26140BSG
BHN-B-GF-SW,c93xxL Stack,c93xxL Stack,FOC2629YS15
BHN-B-GF-SW,Switch 1,C9300L-24P-4X,FOC2629YS15
BHN-B-GF-SW,StackAdapter1/1,StackAdapter1/1,FOC26260GTX
BHN-B-GF-SW,StackAdapter1/2,StackAdapter1/2,FOC26260QHR
BHN-B-GF-SW,Switch 1 - Power Supply A,Switch 1 - Power Supply A,DCC2629CGYH
BHN-B-GF-SW,Switch 1 - Power Supply B,Switch 1 - Power Supply B,DCC2629CGYU
BHN-B-GF-SW,Te1/1/2,SFP-10GBase-LR,OPM26021UB0
BHN-B-GF-SW,Te1/1/3,SFP-10GBase-LR,ACW26140BQK
BHP-A-3F-SW,c93xxL Stack,c93xxL Stack,FOC2650YJZS
BHP-A-3F-SW,Switch 1,C9300L-48T-4X,FOC2650YJZS
BHP-A-3F-SW,StackAdapter1/1,StackAdapter1/1,FOC26346DHZ
BHP-A-3F-SW,StackAdapter1/2,StackAdapter1/2,FOC26346CZQ
BHP-A-3F-SW,Switch 1 - Power Supply B,Switch 1 - Power Supply B,DCC2651B3GP
BHP-A-3F-SW,Te1/1/1,SFP-10GBase-LR,ACW26140BPY
BHP-A-3F-SW,Te1/1/2,SFP-10GBase-LR,ACW26140BG2
BHP-A-6F-SW,c93xxL Stack,c93xxL Stack,FOC2650YJRD
BHP-A-6F-SW,Switch 1,C9300L-48T-4X,FOC2650YJRD
BHP-A-6F-SW,StackAdapter1/1,StackAdapter1/1,FOC26346DH7
BHP-A-6F-SW,StackAdapter1/2,StackAdapter1/2,FOC263460KH
BHP-A-6F-SW,Switch 1 - Power Supply B,Switch 1 - Power Supply B,DCC2651B28J
BHP-A-6F-SW,Te1/1/1,SFP-10GBase-LR,OPM26021T92
BHP-A-6F-SW,Te1/1/2,SFP-10GBase-LR,ACW26140BQF
BHP-A-9F-SW,c93xxL Stack,c93xxL Stack,FOC2650YP7B
BHP-A-9F-SW,Switch 1,C9300L-48T-4X,FOC2650YP7B
BHP-A-9F-SW,StackAdapter1/1,StackAdapter1/1,FOC263460E0
BHP-A-9F-SW,StackAdapter1/2,StackAdapter1/2,FOC263460DW
BHP-A-9F-SW,Switch 1 - Power Supply B,Switch 1 - Power Supply B,DCC2651B28M
BHP-A-9F-SW,Te1/1/1,SFP-10GBase-LR,OPM26021T9J
BHP-A-GF-SW,c93xxL Stack,c93xxL Stack,FOC2651YD44
BHP-A-GF-SW,Switch 1,C9300L-24T-4X,FOC2651YD44
BHP-A-GF-SW,StackAdapter1/1,StackAdapter1/1,FOC26449KFQ
BHP-A-GF-SW,StackAdapter1/2,StackAdapter1/2,FOC26462R0Y
BHP-A-GF-SW,Switch 1 - Power Supply B,Switch 1 - Power Supply B,DCC2649B11J
BHP-A-GF-SW,Te1/1/1,SFP-10GBase-LR,OPM26021U9J
BHP-A-GF-SW,Te1/1/3,SFP-10GBase-LR,OPM26021UAX
BHP-B-3F-SW,c93xxL Stack,c93xxL Stack,FOC2650YJQJ
BHP-B-3F-SW,Switch 1,C9300L-48T-4X,FOC2650YJQJ
BHP-B-3F-SW,StackAdapter1/1,StackAdapter1/1,FOC26346DGN
BHP-B-3F-SW,StackAdapter1/2,StackAdapter1/2,FOC263460KC
BHP-B-3F-SW,Switch 1 - Power Supply B,Switch 1 - Power Supply B,DCC2651B27Y
BHP-B-3F-SW,Te1/1/1,SFP-10GBase-LR,OPM26021UJ4
BHP-B-3F-SW,Te1/1/2,SFP-10GBase-LR,OPM26021UBG
BHP-B-6F-SW,c93xxL Stack,c93xxL Stack,FOC2650YJYK
BHP-B-6F-SW,Switch 1,C9300L-48T-4X,FOC2650YJYK
BHP-B-6F-SW,StackAdapter1/1,StackAdapter1/1,FOC26346B41
BHP-B-6F-SW,StackAdapter1/2,StackAdapter1/2,FOC26346ELG
BHP-B-6F-SW,Switch 1 - Power Supply B,Switch 1 - Power Supply B,DCC2651B3G5
BHP-B-6F-SW,Te1/1/1,SFP-10GBase-LR,ACW26140BQN
BHP-B-6F-SW,Te1/1/2,SFP-10GBase-LR,ACW26140BFD
BHP-B-9F-SW,c93xxL Stack,c93xxL Stack,FOC2650YM1L
BHP-B-9F-SW,Switch 1,C9300L-48T-4X,FOC2650YM1L
BHP-B-9F-SW,StackAdapter1/1,StackAdapter1/1,FOC26346J63
BHP-B-9F-SW,StackAdapter1/2,StackAdapter1/2,FOC263460E2
BHP-B-9F-SW,Switch 1 - Power Supply B,Switch 1 - Power Supply B,DCC2651B284
BHP-B-9F-SW,Te1/1/1,SFP-10GBase-LR,ACW26140BEV
BHP-B-GF-SW,c93xxL Stack,c93xxL Stack,FOC2651YE93
BHP-B-GF-SW,Switch 1,C9300L-24T-4X,FOC2651YE93
BHP-B-GF-SW,StackAdapter1/1,StackAdapter1/1,FOC26462SA8
BHP-B-GF-SW,StackAdapter1/2,StackAdapter1/2,FOC26450042
BHP-B-GF-SW,Switch 1 - Power Supply B,Switch 1 - Power Supply B,DCC2649B11C
BHP-B-GF-SW,Te1/1/1,SFP-10GBase-LR,ACW26140A7M
BHP-B-GF-SW,Te1/1/3,SFP-10GBase-LR,OPM26021UGK
BHQ-A-3F-SW,c93xxL Stack,c93xxL Stack,FOC2650YQ42
BHQ-A-3F-SW,Switch 1,C9300L-48T-4X,FOC2650YQ42
BHQ-A-3F-SW,StackAdapter1/1,StackAdapter1/1,FOC263466UU
BHQ-A-3F-SW,StackAdapter1/2,StackAdapter1/2,FOC263460BJ
BHQ-A-3F-SW,Switch 1 - Power Supply B,Switch 1 - Power Supply B,DCC2651B0KB
BHQ-A-3F-SW,Te1/1/1,SFP-10GBase-LR,ACW26140BEE
BHQ-A-3F-SW,Te1/1/2,SFP-10GBase-LR,ACW26140BRU
BHQ-A-6F-SW,c93xxL Stack,c93xxL Stack,FOC2650YQ60
BHQ-A-6F-SW,Switch 1,C9300L-48T-4X,FOC2650YQ60
BHQ-A-6F-SW,StackAdapter1/1,StackAdapter1/1,FOC2634665C
BHQ-A-6F-SW,StackAdapter1/2,StackAdapter1/2,FOC26346J5M
BHQ-A-6F-SW,Switch 1 - Power Supply B,Switch 1 - Power Supply B,DCC2651B0M0
BHQ-A-6F-SW,Te1/1/1,SFP-10GBase-LR,ACW26140BQ9
BHQ-A-6F-SW,Te1/1/2,SFP-10GBase-LR,ACW26140BRX
BHQ-A-9F-SW,c93xxL Stack,c93xxL Stack,FOC2650YL2D
BHQ-A-9F-SW,Switch 1,C9300L-48T-4X,FOC2650YL2D
BHQ-A-9F-SW,StackAdapter1/1,StackAdapter1/1,FOC26346AVF
BHQ-A-9F-SW,StackAdapter1/2,StackAdapter1/2,FOC2634622Y
BHQ-A-9F-SW,Switch 1 - Power Supply B,Switch 1 - Power Supply B,DCC2651B0TZ
BHQ-A-9F-SW,Te1/1/1,SFP-10GBase-LR,ACW26140A6A
BHQ-A-GF-SW,c93xxL Stack,c93xxL Stack,FOC2651YCW9
BHQ-A-GF-SW,Switch 1,C9300L-24T-4X,FOC2651YCW9
BHQ-A-GF-SW,StackAdapter1/1,StackAdapter1/1,FOC2645003T
BHQ-A-GF-SW,StackAdapter1/2,StackAdapter1/2,FOC26462ST5
BHQ-A-GF-SW,Switch 1 - Power Supply B,Switch 1 - Power Supply B,DCC2650B1FE
BHQ-A-GF-SW,Te1/1/1,SFP-10GBase-LR,ACW26140BEU
BHQ-A-GF-SW,Te1/1/2,SFP-10GBase-LR,ACW26140BRF
BHQ-B-3F-SW,c93xxL Stack,c93xxL Stack,FOC2650YJS5
BHQ-B-3F-SW,Switch 1,C9300L-48T-4X,FOC2650YJS5
BHQ-B-3F-SW,StackAdapter1/1,StackAdapter1/1,FOC2634697P
BHQ-B-3F-SW,StackAdapter1/2,StackAdapter1/2,FOC2634670G
BHQ-B-3F-SW,Switch 1 - Power Supply B,Switch 1 - Power Supply B,DCC2651B3HG
BHQ-B-3F-SW,Te1/1/1,SFP-10GBase-LR,ACW26140A6K
BHQ-B-3F-SW,Te1/1/2,SFP-10GBase-LR,ACW26140BR0
BHQ-B-6F-SW,c93xxL Stack,c93xxL Stack,FOC2650YJNY
BHQ-B-6F-SW,Switch 1,C9300L-48T-4X,FOC2650YJNY
BHQ-B-6F-SW,StackAdapter1/1,StackAdapter1/1,FOC2634680M
BHQ-B-6F-SW,StackAdapter1/2,StackAdapter1/2,FOC263461KY
BHQ-B-6F-SW,Switch 1 - Power Supply B,Switch 1 - Power Supply B,DCC2651B27U
BHQ-B-6F-SW,Te1/1/1,SFP-10GBase-LR,ACW26140BPW
BHQ-B-6F-SW,Te1/1/2,SFP-10GBase-LR,ACW26140BRT
BHQ-B-9F-SW,c93xxL Stack,c93xxL Stack,FOC2650YQ6G
BHQ-B-9F-SW,Switch 1,C9300L-48T-4X,FOC2650YQ6G
BHQ-B-9F-SW,StackAdapter1/1,StackAdapter1/1,FOC263466AN
BHQ-B-9F-SW,StackAdapter1/2,StackAdapter1/2,FOC263466UY
BHQ-B-9F-SW,Switch 1 - Power Supply B,Switch 1 - Power Supply B,DCC2651B0PL
BHQ-B-9F-SW,Te1/1/1,SFP-10GBase-LR,ACW26140BG0
BHQ-B-GF-SW,c93xxL Stack,c93xxL Stack,FOC2651YCHV
BHQ-B-GF-SW,Switch 1,C9300L-24T-4X,FOC2651YCHV
BHQ-B-GF-SW,StackAdapter1/1,StackAdapter1/1,FOC26450046
BHQ-B-GF-SW,StackAdapter1/2,StackAdapter1/2,FOC2645003Q
BHQ-B-GF-SW,Switch 1 - Power Supply B,Switch 1 - Power Supply B,DCC2650B1GE
BHQ-B-GF-SW,Te1/1/1,SFP-10GBase-LR,ACW26140BPJ
BHQ-B-GF-SW,Te1/1/2,SFP-10GBase-LR,ACW26140A78
Sarabhai-Distribution-SW,c95xx Stack,c95xx Stack,FOC2631YCUT
Sarabhai-Distribution-SW,Switch 1,C9500-16X,FOC2631YCUT
Sarabhai-Distribution-SW,Switch 1 - Power Supply A,Switch 1 - Power Supply A,DCI2603M4BM
Sarabhai-Distribution-SW,Switch 1 - Power Supply B,Switch 1 - Power Supply B,DCI2603M4C1
Sarabhai-Distribution-SW,Te1/0/1,SFP-10GBase-LR,OPM26160L07
Sarabhai-Distribution-SW,Te1/0/2,SFP-10GBase-LR,OPM26160L2B
Sarabhai-Distribution-SW,Te1/0/11,SFP-10GBase-LR,ACW26140BR9
Sarabhai-Distribution-SW,Te1/0/12,SFP-10GBase-LR,ACW26140A6F
Sarabhai-Distribution-SW,Te1/0/13,SFP-10GBase-LR,OPM26021UFR
Sarabhai-Distribution-SW,Te1/0/14,SFP-10GBase-LR,OPM26021UA8
Sarabhai-Distribution-SW,Te1/0/15,SFP-10GBase-LR,OPM26021T9Q
Sarabhai-Distribution-SW,Switch 2,C9500-16X,FOC2631YD89
Sarabhai-Distribution-SW,Switch 2 - Power Supply A,Switch 2 - Power Supply A,DCI2603M4CF
Sarabhai-Distribution-SW,Switch 2 - Power Supply B,Switch 2 - Power Supply B,DCI2603M4C5
Sarabhai-Distribution-SW,Te2/0/1,SFP-10GBase-LR,OPM26021UGR
Sarabhai-Distribution-SW,Te2/0/2,SFP-10GBase-LR,OPM26021UBF
Sarabhai-Distribution-SW,Te2/0/3,SFP-10GBase-LR,OPM26021T9L
Sarabhai-Distribution-SW,Te2/0/4,SFP-10GBase-LR,FNS26030EMZ
Sarabhai-Distribution-SW,Te2/0/5,SFP-10GBase-LR,OPM26021T9K
Sarabhai-Distribution-SW,Te2/0/6,SFP-10GBase-LR,OPM26021UE0
Sarabhai-Distribution-SW,Te2/0/7,SFP-10GBase-LR,OPM26021UA5
Sarabhai-Distribution-SW,Te2/0/8,SFP-10GBase-LR,OPM26021UF5
Sarabhai-Distribution-SW,Te2/0/9,SFP-10GBase-LR,ACW26140BS3
Sarabhai-Distribution-SW,Te2/0/10,SFP-10GBase-LR,ACW26140BS4
Sarabhai-Distribution-SW,Te2/0/11,SFP-10GBase-LR,ACW26140BRN
Sarabhai-Distribution-SW,Te2/0/12,SFP-10GBase-LR,ACW26140BQ0
Sarabhai-Distribution-SW,Te2/0/13,SFP-10GBase-LR,OPM26021UF8
Sarabhai-Distribution-SW,Te2/0/14,SFP-10GBase-LR,FNS26030CET
Sarabhai-Distribution-SW,Te2/0/15,SFP-10GBase-LR,OPM26021TAS
Sarabhai-Distribution-SW,Te2/0/16,SFP-10GBase-LR,FNS26030ENS
