PoE Status,Serial Number,Description,Start Date,End Date,OEM,Location,Hostname,Name
Non PoE,FJC265215PG,C9500-16X,2023-MAY-02,2026-MAY-02,Cisco,AD2-Dist-SW,AD2-Dist-SW,Switch 1
Non PoE,FOC2631YC1R,C9500-16X,2023-MAY-02,2026-MAY-02,Cisco,AD2-Dist-SW,AD2-Dist-SW,Switch 2
PoE,FOC2630Y5H2,C9300L-24P-4X,2022-SEP-02,2025-SEP-02,Cisco,AD2-SHAFT-A-2F,AD2-SHAFT-A-2F,Switch 1
PoE,FOC2629YS15,C9300L-24P-4X,2022-SEP-02,2025-SEP-02,Cisco,AD2-SHAFT-A-2F,AD2-SHAFT-A-2F,Switch 2
PoE,FOC2630Y46L,C9300L-24P-4X,2022-SEP-02,2025-SEP-02,Cisco,AD2-SHAFT-A-2F,AD2-SHAFT-A-2F,Switch 3
Non PoE,FOC2650YK1X,C9300L-48T-4X,2022-SEP-02,2025-SEP-02,Cisco,AD2-SHAFT-A-2F,AD2-SHAFT-A-2F,Switch 4
PoE,FOC2644Y65E,C9300L-24P-4X,2023-MAR-20,2026-MAR-20,Cisco,AD2-SHAFT-B-2F,AD2-SHAFT-B-2F,Switch 1
PoE,FOC2630Y3AA,C9300L-24P-4X,2023-MAR-20,2026-MAR-20,Cisco,AD2-SHAFT-B-2F,AD2-SHAFT-B-2F,Switch 2
Non PoE,FOC2650YM1Y,C9300L-48T-4X,2023-MAR-20,2026-MAR-20,Cisco,AD2-SHAFT-B-2F,AD2-SHAFT-B-2F,Switch 3
Non PoE,FOC2650YNEQ,C9300L-48T-4X,2023-MAR-20,2026-MAR-20,Cisco,AD2-SHAFT-B-2F,AD2-SHAFT-B-2F,Switch 4
Non PoE,FOC2715Y3PM,C9300L-48T-4X,2023-MAR-20,2026-MAR-20,Cisco,AD2-SHAFT-B-2F,AD2-SHAFT-B-2F,Switch 5
Non PoE,FOC2650YLZS,C9300L-48T-4X,2023-MAR-20,2026-MAR-20,Cisco,AD2-SHAFT-B-2F,AD2-SHAFT-B-2F,Switch 6
Non PoE,FOC2650YNWL,C9300L-48T-4X,2023-APR-12,2026-APR-12,Cisco,AD2-SHAFT-C-3F-R1,AD2-SHAFT-C-3F-R1,Switch 1
Non PoE,FOC2650YK48,C9300L-48T-4X,2023-APR-12,2026-APR-12,Cisco,AD2-SHAFT-C-3F-R1,AD2-SHAFT-C-3F-R1,Switch 2
Non PoE,FOC2650YK43,C9300L-48T-4X,2023-APR-12,2026-APR-12,Cisco,AD2-SHAFT-C-3F-R1,AD2-SHAFT-C-3F-R1,Switch 3
Non PoE,FOC2650YN7Q,C9300L-48T-4X,2023-APR-12,2026-APR-12,Cisco,AD2-SHAFT-C-3F-R1,AD2-SHAFT-C-3F-R1,Switch 4
Non PoE,FOC2650YJZT,C9300L-48T-4X,2023-APR-12,2026-APR-12,Cisco,AD2-SHAFT-C-3F-R1,AD2-SHAFT-C-3F-R1,Switch 5
Non PoE,FOC2650YJ7W,C9300L-48T-4X,2023-APR-12,2026-APR-12,Cisco,AD2-SHAFT-C-3F-R1,AD2-SHAFT-C-3F-R1,Switch 6
Non PoE,FOC2650YNFZ,C9300L-48T-4X,2023-APR-12,2026-APR-12,Cisco,AD2-SHAFT-C-3F-R1,AD2-SHAFT-C-3F-R1,Switch 7
Non PoE,FOC2650YNWK,C9300L-48T-4X,2023-APR-12,2026-APR-12,Cisco,AD2-SHAFT-C-3F-R1,AD2-SHAFT-C-3F-R1,Switch 8
Non PoE,FOC2650YNG1,C9300L-48T-4X,2023-APR-12,2026-APR-12,Cisco,AD2-SHAFT-C-3F-R2,AD2-SHAFT-C-3F-R2,Switch 1
PoE,FOC2630Y2LU,C9300L-24P-4X,2023-APR-12,2026-APR-12,Cisco,AD2-SHAFT-C-3F-R2,AD2-SHAFT-C-3F-R2,Switch 2
PoE,FOC2630Y3CE,C9300L-24P-4X,2023-APR-12,2026-APR-12,Cisco,AD2-SHAFT-C-3F-R2,AD2-SHAFT-C-3F-R2,Switch 3
PoE,FOC2630Y2JH,C9300L-24P-4X,2023-APR-12,2026-APR-12,Cisco,AD2-SHAFT-C-3F-R2,AD2-SHAFT-C-3F-R2,Switch 4
Non PoE,FJC27042YAH,C9500-16X,2023-MAY-02,2026-MAY-02,Cisco,AD3-Dist-SW,AD3-Dist-SW,Switch 1
Non PoE,FJC265213QR,C9500-16X,2023-MAY-02,2026-MAY-02,Cisco,AD3-Dist-SW,AD3-Dist-SW,Switch 2
PoE,FOC2714Y8KZ,C9300L-24P-4X,2023-JUN-24,2026-JUN-24,Cisco,AD3-SHAFT-A-2F,AD3-SHAFT-A-2F,Switch 1
PoE,FOC2714Y8MC,C9300L-24P-4X,2023-JUN-24,2026-JUN-24,Cisco,AD3-SHAFT-A-2F,AD3-SHAFT-A-2F,Switch 2
Non PoE,FOC2651YDMJ,C9300L-24T-4X,2023-JUN-24,2026-JUN-24,Cisco,AD3-SHAFT-A-2F,AD3-SHAFT-A-2F,Switch 3
Non PoE,FOC2650YL9K,C9300L-48T-4X,2023-JUN-24,2026-JUN-24,Cisco,AD3-SHAFT-A-2F,AD3-SHAFT-A-2F,Switch 4
Non PoE,FOC2650YKH4,C9300L-48T-4X,2023-JUN-24,2026-JUN-24,Cisco,AD3-SHAFT-A-2F,AD3-SHAFT-A-2F,Switch 5
Non PoE,FOC2650YLT1,C9300L-48T-4X,2023-JUN-24,2026-JUN-24,Cisco,AD3-SHAFT-A-2F,AD3-SHAFT-A-2F,Switch 6
PoE,FOC2714Y8FY,C9300L-24P-4X,2023-JUN-24,2026-JUN-24,Cisco,AD3-SHAFT-B-2F,AD3-SHAFT-B-2F,Switch 1
PoE,FOC2714Y8LF,C9300L-24P-4X,2023-JUN-24,2026-JUN-24,Cisco,AD3-SHAFT-B-2F,AD3-SHAFT-B-2F,Switch 2
Non PoE,FOC2650YK3P,C9300L-48T-4X,2023-JUN-24,2026-JUN-24,Cisco,AD3-SHAFT-B-2F,AD3-SHAFT-B-2F,Switch 3
PoE,FOC2630Y23S,C9300L-24P-4X,2022-SEP-02,2025-SEP-02,Cisco,AD3-SHAFT-B-4F,AD3-SHAFT-B-4F,Switch 1
Non PoE,FOC2650YL0Z,C9300L-48T-4X,2022-SEP-02,2025-SEP-02,Cisco,AD3-SHAFT-B-4F,AD3-SHAFT-B-4F,Switch 2
Non PoE,FOC2650YJYD,C9300L-48T-4X,2022-SEP-02,2025-SEP-02,Cisco,AD3-SHAFT-B-4F,AD3-SHAFT-B-4F,Switch 3
PoE,FOC2630Y1ST,C9300L-24P-4X,2022-SEP-02,2025-SEP-02,Cisco,AD3-SHAFT-C-1F,AD3-SHAFT-C-1F,Switch 1
PoE,FOC2630Y23P,C9300L-24P-4X,2022-SEP-02,2025-SEP-02,Cisco,AD3-SHAFT-C-1F,AD3-SHAFT-C-1F,Switch 2
Non PoE,FOC2650YLYF,C9300L-48T-4X,2022-SEP-02,2025-SEP-02,Cisco,AD3-SHAFT-C-1F,AD3-SHAFT-C-1F,Switch 3
PoE,FOC2630Y1FK,C9300L-24P-4X,2022-SEP-02,2025-SEP-02,Cisco,AD3-SHAFT-C-4F,AD3-SHAFT-C-4F,Switch 1
Non PoE,FOC2651YDJA,C9300L-24T-4X,2022-SEP-02,2025-SEP-02,Cisco,AD3-SHAFT-C-4F,AD3-SHAFT-C-4F,Switch 2
Non PoE,FOC2638YFDX,C9500-16X,2023-MAR-20,2026-MAR-20,Cisco,Admin-LGF-Dist-SW,Admin-LGF-Dist-SW,Switch 1
Non PoE,FOC2638YFL0,C9500-16X,2023-MAR-20,2026-MAR-20,Cisco,Admin-LGF-Dist-SW,Admin-LGF-Dist-SW,Switch 2
Non PoE,FOC2650YQ5V,C9300L-48T-4X,2023-APR-12,2026-APR-12,Cisco,Admin-Shaft_A-1F,Admin-Shaft_A-1F,Switch 1
PoE,FOC2630Y4SX,C9300L-24P-4X,2023-APR-12,2026-APR-12,Cisco,Admin-Shaft_A-1F,Admin-Shaft_A-1F,Switch 2
Non PoE,FOC2650YLSE,C9300L-48T-4X,2023-APR-12,2026-APR-12,Cisco,Admin-Shaft_A-2F,Admin-Shaft_A-2F,Switch 1
PoE,FOC2626YCJ1,C9300L-24P-4X,2023-APR-12,2026-APR-12,Cisco,Admin-Shaft_A-2F,Admin-Shaft_A-2F,Switch 2
Non PoE,FOC2650YQ9D,C9300L-48T-4X,2023-APR-12,2026-APR-12,Cisco,Admin-Shaft_A-3F,Admin-Shaft_A-3F,Switch 1
PoE,FOC2630Y23Y,C9300L-24P-4X,2023-APR-12,2026-APR-12,Cisco,Admin-Shaft_A-3F,Admin-Shaft_A-3F,Switch 2
PoE,FOC2630Y27R,C9300L-24P-4X,2022-SEP-02,2025-SEP-02,Cisco,Admin-Shaft_A-4F,Admin-Shaft_A-4F,Switch 1
Non PoE,FOC2651YEFY,C9300L-24T-4X,2022-SEP-02,2025-SEP-02,Cisco,Admin-Shaft_A-4F,Admin-Shaft_A-4F,Switch 2
PoE,FOC2630Y2EX,C9300L-24P-4X,2022-SEP-02,2025-SEP-02,Cisco,Admin-Shaft_A-5F,Admin-Shaft_A-5F,Switch 1
PoE,FOC2644Y6A3,C9300L-24P-4X,2022-SEP-02,2025-SEP-02,Cisco,Admin-Shaft_A-5F,Admin-Shaft_A-5F,Switch 2
Non PoE,FOC2650YMYM,C9300L-48T-4X,2023-APR-12,2026-APR-12,Cisco,Admin-Shaft_A-GF,Admin-Shaft_A-GF,Switch 1
PoE,FOC2630Y2GE,C9300L-24P-4X,2023-APR-12,2026-APR-12,Cisco,Admin-Shaft_A-GF,Admin-Shaft_A-GF,Switch 2
PoE,FOC2630Y244,C9300L-24P-4X,2022-SEP-02,2025-SEP-02,Cisco,Admin-Shaft_A-LGF,Admin-Shaft_A-LGF,Switch 1
PoE,FOC2629YTQA,C9300L-24P-4X,2022-SEP-02,2025-SEP-02,Cisco,Admin-Shaft_B-1F,Admin-Shaft_B-1F,Switch 1
Non PoE,FOC2650YJVL,C9300L-48T-4X,2022-SEP-02,2025-SEP-02,Cisco,Admin-Shaft_B-1F,Admin-Shaft_B-1F,Switch 2
Non PoE,FOC2650YKVQ,C9300L-48T-4X,2023-APR-12,2026-APR-12,Cisco,Admin-Shaft_B-2F,Admin-Shaft_B-2F,Switch 1
PoE,FOC2630Y3CM,C9300L-24P-4X,2023-APR-12,2026-APR-12,Cisco,Admin-Shaft_B-2F,Admin-Shaft_B-2F,Switch 2
PoE,FOC2630Y2KT,C9300L-24P-4X,2022-SEP-02,2025-SEP-02,Cisco,Admin-Shaft_B-3F,Admin-Shaft_B-3F,Switch 1
Non PoE,FOC2650YJS7,C9300L-48T-4X,2022-SEP-02,2025-SEP-02,Cisco,Admin-Shaft_B-3F,Admin-Shaft_B-3F,Switch 2
PoE,FOC2629YQ90,C9300L-24P-4X,2022-SEP-02,2025-SEP-02,Cisco,Admin-Shaft_B-4F,Admin-Shaft_B-4F,Switch 1
PoE,FOC2630Y1BM,C9300L-24P-4X,2022-SEP-02,2025-SEP-02,Cisco,Admin-Shaft_B-5F,Admin-Shaft_B-5F,Switch 1
Non PoE,FOC2651YGF1,C9300L-24T-4X,2022-SEP-02,2025-SEP-02,Cisco,Admin-Shaft_B-5F,Admin-Shaft_B-5F,Switch 2
PoE,FOC2630Y38Z,C9300L-24P-4X,2022-SEP-02,2025-SEP-02,Cisco,Admin-Shaft_B-GF,Admin-Shaft_B-GF,Switch 1
Non PoE,FOC2650YJJ6,C9300L-48T-4X,2022-SEP-02,2025-SEP-02,Cisco,Admin-Shaft_B-GF,Admin-Shaft_B-GF,Switch 2
Non PoE,FOC2650YM6J,C9300L-48T-4X,2023-APR-12,2026-APR-12,Cisco,BHJ-A-3F-SW,BHJ-A-3F-SW,Switch 1
Non PoE,FOC2650YNCA,C9300L-48T-4X,2023-APR-12,2026-APR-12,Cisco,BHJ-A-6F-SW,BHJ-A-6F-SW,Switch 1
Non PoE,FOC2650YK56,C9300L-48T-4X,2023-APR-12,2026-APR-12,Cisco,BHJ-A-9F-SW,BHJ-A-9F-SW,Switch 1
Non PoE,FOC2651YDQH,C9300L-24T-4X,2023-JAN-26,2026-JAN-26,Cisco,BHJ-A-GF-SW,BHJ-A-GF-SW,Switch 1
Non PoE,FOC2650YM2C,C9300L-48T-4X,2023-APR-12,2026-APR-12,Cisco,BHJ-B-3F-SW,BHJ-B-3F-SW,Switch 1
Non PoE,FOC2650YK2A,C9300L-48T-4X,2023-APR-12,2026-APR-12,Cisco,BHJ-B-6F-SW,BHJ-B-6F-SW,Switch 1
Non PoE,FOC2650YLZY,C9300L-48T-4X,2023-APR-12,2026-APR-12,Cisco,BHJ-B-9F-SW,BHJ-B-9F-SW,Switch 1
Non PoE,FOC2651YDPN,C9300L-24T-4X,2023-JAN-26,2026-JAN-26,Cisco,BHJ-B-GF-SW,BHJ-B-GF-SW,Switch 1
Non PoE,FOC2626YENG,C9300L-48T-4X,2022-AUG-26,2025-AUG-26,Cisco,BHK-A-3F-SW,BHK-A-3F-SW,Switch 1
Non PoE,FOC2626YHMX,C9300L-48T-4X,2022-AUG-26,2025-AUG-26,Cisco,BHK-A-6F-SW,BHK-A-6F-SW,Switch 1
Non PoE,FOC2626YEKG,C9300L-48T-4X,2022-AUG-26,2025-AUG-26,Cisco,BHK-A-9F-SW,BHK-A-9F-SW,Switch 1
Non PoE,FOC2651YE9G,C9300L-24T-4X,2023-JAN-26,2026-JAN-26,Cisco,BHK-A-GF-SW,BHK-A-GF-SW,Switch 1
Non PoE,FOC2626YEEF,C9300L-48T-4X,2022-AUG-26,2025-AUG-26,Cisco,BHK-B-3F-SW,BHK-B-3F-SW,Switch 1
Non PoE,FOC2626YEMH,C9300L-48T-4X,2022-AUG-26,2025-AUG-26,Cisco,BHK-B-6F-SW,BHK-B-6F-SW,Switch 1
Non PoE,FOC2626YES8,C9300L-48T-4X,2022-AUG-26,2025-AUG-26,Cisco,BHK-B-9F-SW,BHK-B-9F-SW,Switch 1
Non PoE,FVH2723L19M,C9300L-24T-4X,-,-,Cisco,BHK-B-GF-SW,BHK-B-GF-SW,Switch 1
Non PoE,FOC2650YK4R,C9300L-48T-4X,2023-APR-12,2026-APR-12,Cisco,BHL-A-3F-SW,BHL-A-3F-SW,Switch 1
Non PoE,FOC2650YLXE,C9300L-48T-4X,2023-APR-12,2026-APR-12,Cisco,BHL-A-6F-SW,BHL-A-6F-SW,Switch 1
Non PoE,FOC2650YJNW,C9300L-48T-4X,2023-APR-12,2026-APR-12,Cisco,BHL-A-9F-SW,BHL-A-9F-SW,Switch 1
Non PoE,FOC2651YDGB,C9300L-24T-4X,2023-JAN-26,2026-JAN-26,Cisco,BHL-A-GF-SW,BHL-A-GF-SW,Switch 1
Non PoE,FOC2650YJTC,C9300L-48T-4X,2023-APR-12,2026-APR-12,Cisco,BHL-B-3F-SW,BHL-B-3F-SW,Switch 1
Non PoE,FOC2650YN8E,C9300L-48T-4X,2023-APR-12,2026-APR-12,Cisco,BHL-B-6F-SW,BHL-B-6F-SW,Switch 1
Non PoE,FOC2650YJR8,C9300L-48T-4X,2023-APR-12,2026-APR-12,Cisco,BHL-B-9F-SW,BHL-B-9F-SW,Switch 1
Non PoE,FOC2651YEBW,C9300L-24T-4X,2023-JAN-26,2026-JAN-26,Cisco,BHL-B-GF-SW,BHL-B-GF-SW,Switch 1
Non PoE,FOC2650YNWU,C9300L-48T-4X,2023-APR-12,2026-APR-12,Cisco,BHM-A-3F-SW,BHM-A-3F-SW,Switch 1
Non PoE,FOC2650YK6N,C9300L-48T-4X,2023-APR-12,2026-APR-12,Cisco,BHM-A-6F-SW,BHM-A-6F-SW,Switch 1
Non PoE,FOC2650YM8B,C9300L-48T-4X,2023-APR-12,2026-APR-12,Cisco,BHM-A-9F-SW,BHM-A-9F-SW,Switch 1
Non PoE,FOC2651YDE4,C9300L-24T-4X,2023-JAN-26,2026-JAN-26,Cisco,BHM-A-GF-SW,BHM-A-GF-SW,Switch 1
Non PoE,FOC2650YJLH,C9300L-48T-4X,2023-APR-12,2026-APR-12,Cisco,BHM-B-3F-SW,BHM-B-3F-SW,Switch 1
Non PoE,FOC2650YL2B,C9300L-48T-4X,2023-APR-12,2026-APR-12,Cisco,BHM-B-6F-SW,BHM-B-6F-SW,Switch 1
Non PoE,FOC2650YL1P,C9300L-48T-4X,2023-APR-12,2026-APR-12,Cisco,BHM-B-9F-SW,BHM-B-9F-SW,Switch 1
Non PoE,FOC2631YCUT,C9500-16X,-,-,Cisco,BHM-B-GF-Dist-SW,BHM-B-GF-Dist-SW,Switch 1
Non PoE,FOC2631YD89,C9500-16X,-,-,Cisco,BHM-B-GF-Dist-SW,BHM-B-GF-Dist-SW,Switch 2
Non PoE,FOC2651YEAF,C9300L-24T-4X,2023-JAN-26,2026-JAN-26,Cisco,BHM-B-GF-SW,BHM-B-GF-SW,Switch 1
Non PoE,FOC2626YHWY,C9300L-48T-4X,2022-AUG-26,2025-AUG-26,Cisco,BHN-A-3F-SW,BHN-A-3F-SW,Switch 1
Non PoE,FOC2626YHMB,C9300L-48T-4X,2022-AUG-26,2025-AUG-26,Cisco,BHN-A-6F-SW,BHN-A-6F-SW,Switch 1
Non PoE,FOC2626YHZ2,C9300L-48T-4X,2022-AUG-26,2025-AUG-26,Cisco,BHN-A-9F-SW,BHN-A-9F-SW,Switch 1
Non PoE,FOC2651YCMH,C9300L-24T-4X,2023-JAN-26,2026-JAN-26,Cisco,BHN-A-GF-SW,BHN-A-GF-SW,Switch 1
Non PoE,FOC2626YEZ1,C9300L-48T-4X,2022-AUG-26,2025-AUG-26,Cisco,BHN-B-3F-SW,BHN-B-3F-SW,Switch 1
Non PoE,FOC2626YHN6,C9300L-48T-4X,2022-AUG-26,2025-AUG-26,Cisco,BHN-B-6F-SW,BHN-B-6F-SW,Switch 1
Non PoE,FOC2626YHMT,C9300L-48T-4X,2022-AUG-26,2025-AUG-26,Cisco,BHN-B-9F-SW,BHN-B-9F-SW,Switch 1
Non PoE,FOC2651YFEH,C9300L-24T-4X,-,-,Cisco,BHN-B-GF-SW,BHN-B-GF-SW,Switch 1
Non PoE,FOC2650YJZS,C9300L-48T-4X,2023-APR-12,2026-APR-12,Cisco,BHP-A-3F-SW,BHP-A-3F-SW,Switch 1
Non PoE,FOC2650YJRD,C9300L-48T-4X,2023-APR-12,2026-APR-12,Cisco,BHP-A-6F-SW,BHP-A-6F-SW,Switch 1
Non PoE,FOC2650YP7B,C9300L-48T-4X,2023-APR-12,2026-APR-12,Cisco,BHP-A-9F-SW,BHP-A-9F-SW,Switch 1
Non PoE,FOC2651YD44,C9300L-24T-4X,2023-JAN-26,2026-JAN-26,Cisco,BHP-A-GF-SW,BHP-A-GF-SW,Switch 1
Non PoE,FOC2650YJQJ,C9300L-48T-4X,2023-APR-12,2026-APR-12,Cisco,BHP-B-3F-SW,BHP-B-3F-SW,Switch 1
Non PoE,FOC2650YJYK,C9300L-48T-4X,2023-APR-12,2026-APR-12,Cisco,BHP-B-6F-SW,BHP-B-6F-SW,Switch 1
Non PoE,FOC2650YM1L,C9300L-48T-4X,2023-APR-12,2026-APR-12,Cisco,BHP-B-9F-SW,BHP-B-9F-SW,Switch 1
Non PoE,FOC2651YE93,C9300L-24T-4X,2023-JAN-26,2026-JAN-26,Cisco,BHP-B-GF-SW,BHP-B-GF-SW,Switch 1
Non PoE,FOC2650YJRL,C9300L-48T-4X,2023-APR-12,2026-APR-12,Cisco,BHP1-A-3F-SW,BHP1-A-3F-SW,Switch 1
Non PoE,FOC2650YNC6,C9300L-48T-4X,2023-APR-12,2026-APR-12,Cisco,BHP1-A-6F-SW,BHP1-A-6F-SW,Switch 1
Non PoE,FOC2650YKBF,C9300L-48T-4X,2023-APR-12,2026-APR-12,Cisco,BHP1-A-9F-SW,BHP1-A-9F-SW,Switch 1
Non PoE,FOC2651YE9Y,C9300L-24T-4X,2023-JAN-26,2026-JAN-26,Cisco,BHP1-A-GF-SW,BHP1-A-GF-SW,Switch 1
Non PoE,FOC2650YJV7,C9300L-48T-4X,2023-APR-12,2026-APR-12,Cisco,BHP1-B-3F-SW,BHP1-B-3F-SW,Switch 1
Non PoE,FOC2650YL20,C9300L-48T-4X,2023-APR-12,2026-APR-12,Cisco,BHP1-B-6F-SW,BHP1-B-6F-SW,Switch 1
Non PoE,FOC2650YNXG,C9300L-48T-4X,2023-APR-12,2026-APR-12,Cisco,BHP1-B-9F-SW,BHP1-B-9F-SW,Switch 1
Non PoE,FOC2651YD77,C9300L-24T-4X,2023-JAN-26,2026-JAN-26,Cisco,BHP1-B-GF-SW,BHP1-B-GF-SW,Switch 1
Non PoE,FOC2650YQ42,C9300L-48T-4X,2023-APR-12,2026-APR-12,Cisco,BHQ-A-3F-SW,BHQ-A-3F-SW,Switch 1
Non PoE,FOC2650YQ60,C9300L-48T-4X,2023-APR-12,2026-APR-12,Cisco,BHQ-A-6F-SW,BHQ-A-6F-SW,Switch 1
Non PoE,FOC2650YL2D,C9300L-48T-4X,2023-APR-12,2026-APR-12,Cisco,BHQ-A-9F-SW,BHQ-A-9F-SW,Switch 1
Non PoE,FOC2651YCW9,C9300L-24T-4X,2023-JAN-26,2026-JAN-26,Cisco,BHQ-A-GF-SW,BHQ-A-GF-SW,Switch 1
Non PoE,FOC2650YJS5,C9300L-48T-4X,2023-APR-12,2026-APR-12,Cisco,BHQ-B-3F-SW,BHQ-B-3F-SW,Switch 1
Non PoE,FOC2650YJNY,C9300L-48T-4X,2023-APR-12,2026-APR-12,Cisco,BHQ-B-6F-SW,BHQ-B-6F-SW,Switch 1
Non PoE,FOC2650YQ6G,C9300L-48T-4X,2023-APR-12,2026-APR-12,Cisco,BHQ-B-9F-SW,BHQ-B-9F-SW,Switch 1
Non PoE,FOC2651YCHV,C9300L-24T-4X,2023-JAN-26,2026-JAN-26,Cisco,BHQ-B-GF-SW,BHQ-B-GF-SW,Switch 1
PoE,FOC2630Y247,C9300L-24P-4X,2022-AUG-26,2025-AUG-26,Cisco,BM-1F,BM-1F,Switch 1
Non PoE,FOC2626YD44,C9300L-48T-4X,2022-AUG-26,2025-AUG-26,Cisco,BM-1F,BM-1F,Switch 2
Non PoE,FOC2626YH9K,C9300L-48T-4X,2022-AUG-26,2025-AUG-26,Cisco,BM-1F,BM-1F,Switch 3
Non PoE,FOC2626YCUV,C9300L-48T-4X,2022-AUG-26,2025-AUG-26,Cisco,BM-1F,BM-1F,Switch 4
PoE,FOC2630Y4NN,C9300L-24P-4X,2022-AUG-26,2025-AUG-26,Cisco,BM-2F,BM-2F,Switch 1
Non PoE,FOC2626YHMR,C9300L-48T-4X,2022-AUG-26,2025-AUG-26,Cisco,BM-2F,BM-2F,Switch 2
Non PoE,FOC2626YHPW,C9300L-48T-4X,2022-AUG-26,2025-AUG-26,Cisco,BM-2F,BM-2F,Switch 3
Non PoE,FOC2626YEDP,C9300L-48T-4X,2022-AUG-26,2025-AUG-26,Cisco,BM-2F,BM-2F,Switch 4
PoE,FOC2630Y1JA,C9300L-24P-4X,2022-AUG-26,2025-AUG-26,Cisco,BM-3F,BM-3F,Switch 1
Non PoE,FOC2626YCX0,C9300L-48T-4X,2022-AUG-26,2025-AUG-26,Cisco,BM-3F,BM-3F,Switch 2
Non PoE,FOC2626YEQ4,C9300L-48T-4X,2022-AUG-26,2025-AUG-26,Cisco,BM-3F,BM-3F,Switch 3
Non PoE,FOC2626YEKC,C9300L-48T-4X,2022-AUG-26,2025-AUG-26,Cisco,BM-3F,BM-3F,Switch 4
PoE,FOC2629YM07,C9300L-24P-4X,2022-AUG-26,2025-AUG-26,Cisco,BM-GF,BM-GF,Switch 1
Non PoE,FOC2626YHPY,C9300L-48T-4X,2022-AUG-26,2025-AUG-26,Cisco,BM-GF,BM-GF,Switch 2
Non PoE,FOC2626YHXA,C9300L-48T-4X,2022-AUG-26,2025-AUG-26,Cisco,BM-GF,BM-GF,Switch 3
Non PoE,FOC2626YHX5,C9300L-48T-4X,2022-AUG-26,2025-AUG-26,Cisco,BT-1F,BT-1F,Switch 1
PoE,FOC2630Y43S,C9300L-24P-4X,2022-AUG-26,2025-AUG-26,Cisco,BT-1F,BT-1F,Switch 2
Non PoE,FOC2626YJN4,C9300L-48T-4X,2022-AUG-26,2025-AUG-26,Cisco,BT-1F,BT-1F,Switch 3
PoE,FOC2630Y19S,C9300L-24P-4X,2022-AUG-26,2025-AUG-26,Cisco,BT-2F,BT-2F,Switch 1
Non PoE,FOC2626YJER,C9300L-48T-4X,2022-AUG-26,2025-AUG-26,Cisco,BT-2F,BT-2F,Switch 2
Non PoE,FOC2626YECB,C9300L-48T-4X,2022-AUG-26,2025-AUG-26,Cisco,BT-2F,BT-2F,Switch 3
PoE,FOC2630Y2JE,C9300L-24P-4X,2022-AUG-26,2025-AUG-26,Cisco,BT-3F,BT-3F,Switch 1
Non PoE,FOC2626YHM5,C9300L-48T-4X,2022-AUG-26,2025-AUG-26,Cisco,BT-3F,BT-3F,Switch 2
Non PoE,FOC2626YCYM,C9300L-48T-4X,2022-AUG-26,2025-AUG-26,Cisco,BT-3F,BT-3F,Switch 3
Non PoE,FOC2643YJT9,C9500-16X,-,-,Cisco,BT-Dist-SW,BT-Dist-SW,Switch 1
Non PoE,FOC2650YG3J,C9500-16X,-,-,Cisco,BT-Dist-SW,BT-Dist-SW,Switch 2
PoE,FOC2630Y0WV,C9300L-24P-4X,2022-AUG-26,2025-AUG-26,Cisco,BT-GF,BT-GF,Switch 1
Non PoE,FOC2626YEC7,C9300L-48T-4X,2022-AUG-26,2025-AUG-26,Cisco,BT-GF,BT-GF,Switch 2
Non PoE,FOC2626YENJ,C9300L-48T-4X,2022-AUG-26,2025-AUG-26,Cisco,BT-GF,BT-GF,Switch 3
Non PoE,FOC2626YHY8,C9300L-48T-4X,2022-AUG-26,2025-AUG-26,Cisco,BT-GF,BT-GF,Switch 4
PoE,FOC2630Y4EY,C9300L-24P-4X,2022-SEP-02,2025-SEP-02,Cisco,BTBM-4F,BTBM-4F,Switch 1
Non PoE,FOC2626YHY7,C9300L-48T-4X,2022-SEP-02,2025-SEP-02,Cisco,BTBM-4F,BTBM-4F,Switch 2
Non PoE,FOC2626YEMB,C9300L-48T-4X,2022-AUG-26,2025-AUG-26,Cisco,CAMPUS-SCHOOL-2F,CAMPUS-SCHOOL-2F,Switch 1
Non PoE,FOC2651YCYT,C9300L-24T-4X,2022-AUG-26,2025-AUG-26,Cisco,CAMPUS-SCHOOL-2F,CAMPUS-SCHOOL-2F,Switch 2
Non PoE,FOC2651YD18,C9300L-24T-4X,2023-JAN-26,2026-JAN-26,Cisco,CAMPUS-SCHOOL-GF,CAMPUS-SCHOOL-GF,Switch 1
Non PoE,FOC2650YQ4W,C9300L-48T-4X,2023-JAN-26,2026-JAN-26,Cisco,CAMPUS-SCHOOL-GF,CAMPUS-SCHOOL-GF,Switch 2
Non PoE,FJC26441BH2,C9500-16X,2023-MAY-02,2026-MAY-02,Cisco,CC-Dist-SW,CC-Dist-SW,Switch 1
Non PoE,FJC265115M4,C9500-16X,2023-MAY-02,2026-MAY-02,Cisco,CC-Dist-SW,CC-Dist-SW,Switch 2
PoE,FOC2644Y6BL,C9300L-24P-4X,-,-,Cisco,CC-R1-00,CC-R1-00,Switch 1
PoE,FOC2644Y6BS,C9300L-24P-4X,2023-MAR-20,2026-MAR-20,Cisco,CC-R1-02,CC-R1-02,Switch 1
PoE,FOC2644Y6AX,C9300L-24P-4X,2023-MAR-20,2026-MAR-20,Cisco,CC-R2-00,CC-R2-00,Switch 1
PoE,FOC2644Y6BW,C9300L-24P-4X,-,-,Cisco,CC-R2-02,CC-R2-02,Switch 1
PoE,FOC2644Y9G6,C9300L-24P-4X,2023-MAR-20,2026-MAR-20,Cisco,CC-R3-00,CC-R3-00,Switch 1
PoE,FOC2630Y36X,C9300L-24P-4X,2023-MAR-20,2026-MAR-20,Cisco,CC-R3-00,CC-R3-00,Switch 2
PoE,FOC2644Y91S,C9300L-24P-4X,2023-MAR-20,2026-MAR-20,Cisco,CC-R3-02,CC-R3-02,Switch 1
PoE,FOC2644Y6PK,C9300L-24P-4X,2023-MAR-20,2026-MAR-20,Cisco,CC-R4-00,CC-R4-00,Switch 1
PoE,FOC2630Y2XJ,C9300L-24P-4X,2023-MAR-20,2026-MAR-20,Cisco,CC-R4-00,CC-R4-00,Switch 2
PoE,FOC2644Y91N,C9300L-24P-4X,2023-MAR-20,2026-MAR-20,Cisco,CC-R5-00,CC-R5-00,Switch 1
PoE,FOC2644Y7A9,C9300L-24P-4X,2023-MAR-20,2026-MAR-20,Cisco,CC-R6-00,CC-R6-00,Switch 1
PoE,FOC2644Y6GE,C9300L-24P-4X,2023-MAR-20,2026-MAR-20,Cisco,CC-R7-00,CC-R7-00,Switch 1
PoE,FOC2630Y2M3,C9300L-24P-4X,2022-SEP-02,2025-SEP-02,Cisco,CHY-00-ACC,CHY-00-ACC,Switch 1
Non PoE,FOC2650YLZJ,C9300L-48T-4X,2022-SEP-02,2025-SEP-02,Cisco,CHY-00-ACC,CHY-00-ACC,Switch 2
Non PoE,FOC2651Y3BH,C9300L-24T-4X,2022-SEP-02,2025-SEP-02,Cisco,CHY-00-ACC,CHY-00-ACC,Switch 3
PoE,FOC2630Y256,C9300L-24P-4X,2022-SEP-02,2025-SEP-02,Cisco,CHY-01-ACC,CHY-01-ACC,Switch 1
Non PoE,FOC2650YK6Z,C9300L-48T-4X,2022-SEP-02,2025-SEP-02,Cisco,CHY-01-ACC,CHY-01-ACC,Switch 2
Non PoE,FOC2650YJRX,C9300L-48T-4X,2022-SEP-02,2025-SEP-02,Cisco,CHY-01-ACC,CHY-01-ACC,Switch 3
Non PoE,FOC2650YNC2,C9300L-48T-4X,2022-SEP-02,2025-SEP-02,Cisco,CHY-01-ACC,CHY-01-ACC,Switch 4
PoE,FOC2630Y4NG,C9300L-24P-4X,2022-SEP-02,2025-SEP-02,Cisco,CHY-02-ACC,CHY-02-ACC,Switch 1
Non PoE,FOC2650YNG0,C9300L-48T-4X,2022-SEP-02,2025-SEP-02,Cisco,CHY-02-ACC,CHY-02-ACC,Switch 2
Non PoE,FOC2650YLYV,C9300L-48T-4X,2022-SEP-02,2025-SEP-02,Cisco,CHY-02-ACC,CHY-02-ACC,Switch 3
PoE,FOC2630Y2JN,C9300L-24P-4X,2022-SEP-02,2025-SEP-02,Cisco,CHY-03-ACC,CHY-03-ACC,Switch 1
Non PoE,FOC2650YL0X,C9300L-48T-4X,2022-SEP-02,2025-SEP-02,Cisco,CHY-03-ACC,CHY-03-ACC,Switch 2
Non PoE,FOC2650YMEN,C9300L-48T-4X,2022-SEP-02,2025-SEP-02,Cisco,CHY-03-ACC,CHY-03-ACC,Switch 3
Non PoE,FOC2650YJRS,C9300L-48T-4X,2022-SEP-02,2025-SEP-02,Cisco,CHY-04-ACC,CHY-04-ACC,Switch 1
Non PoE,FOC2650YK44,C9300L-48T-4X,2022-SEP-02,2025-SEP-02,Cisco,CHY-04-ACC,CHY-04-ACC,Switch 2
PoE,FOC2630Y3JU,C9300L-24P-4X,2022-SEP-02,2025-SEP-02,Cisco,CHY-04-ACC,CHY-04-ACC,Switch 3
PoE,FOC2630Y2GT,C9300L-24P-4X,2022-SEP-02,2025-SEP-02,Cisco,CHY-05-ACC,CHY-05-ACC,Switch 1
Non PoE,FOC2650YKFA,C9300L-48T-4X,2022-SEP-02,2025-SEP-02,Cisco,CHY-05-ACC,CHY-05-ACC,Switch 2
Non PoE,FOC2650YJQU,C9300L-48T-4X,2022-SEP-02,2025-SEP-02,Cisco,CHY-05-ACC,CHY-05-ACC,Switch 3
Non PoE,FOC2650YJ4S,C9300L-48T-4X,2022-SEP-02,2025-SEP-02,Cisco,CHY-05-ACC,CHY-05-ACC,Switch 4
Non PoE,FOC2631YACU,C9500-16X,2022-SEP-02,2025-SEP-02,Cisco,CHY-Dist-SW,CHY-Dist-SW,Switch 1
Non PoE,FOC2631YAFH,C9500-16X,2022-SEP-02,2025-SEP-02,Cisco,CHY-Dist-SW,CHY-Dist-SW,Switch 2
PoE,FOC2630Y2LM,C9300L-24P-4X,2022-SEP-02,2025-SEP-02,Cisco,CoreLab-1F,CoreLab-1F,Switch 1
Non PoE,FOC2651YEQQ,C9300L-24T-4X,2022-SEP-02,2025-SEP-02,Cisco,CoreLab-1F,CoreLab-1F,Switch 2
PoE,FOC2630Y2Y8,C9300L-24P-4X,2022-SEP-02,2025-SEP-02,Cisco,CoreLab-2F,CoreLab-2F,Switch 1
Non PoE,FOC2650YK5G,C9300L-48T-4X,2023-APR-12,2026-APR-12,Cisco,CoreLab-GF,CoreLab-GF,Switch 1
Non PoE,FOC2651YCDP,C9300L-24T-4X,2023-APR-12,2026-APR-12,Cisco,CoreLab-GF,CoreLab-GF,Switch 2
PoE,FOC2630Y2L4,C9300L-24P-4X,2023-APR-12,2026-APR-12,Cisco,CoreLab-GF,CoreLab-GF,Switch 3
Non PoE,FOC2631YCQB,C9500-16X,2023-JUL-04,2026-JUL-04,Cisco,Corelab-Dist-SW,Corelab-Dist-SW,Switch 1
Non PoE,FOC2631YD3F,C9500-16X,2023-JUL-04,2026-JUL-04,Cisco,Corelab-Dist-SW,Corelab-Dist-SW,Switch 2
Non PoE,FOC2631YBTK,C9500-16X,2023-JUL-04,2026-JUL-04,Cisco,DH-Dist-SW,DH-Dist-SW,Switch 1
Non PoE,FOC2631YD9E,C9500-16X,2023-JUL-04,2026-JUL-04,Cisco,DH-Dist-SW,DH-Dist-SW,Switch 2
Non PoE,FJC265214FQ,C9500-16X,2023-MAY-02,2026-MAY-02,Cisco,DoD-Dist-SW,DoD-Dist-SW,Switch 1
Non PoE,FJC26512CK2,C9500-16X,2023-MAY-02,2026-MAY-02,Cisco,DoD-Dist-SW,DoD-Dist-SW,Switch 2
PoE,FOC2630Y1T3,C9300L-24P-4X,2022-SEP-02,2025-SEP-02,Cisco,DoD-Z1-GF,DoD-Z1-GF,Switch 1
Non PoE,FOC2650YNZH,C9300L-48T-4X,2022-SEP-02,2025-SEP-02,Cisco,DoD-Z1-GF,DoD-Z1-GF,Switch 2
Non PoE,FOC2650YLUH,C9300L-48T-4X,2022-SEP-02,2025-SEP-02,Cisco,DoD-Z1-GF,DoD-Z1-GF,Switch 3
Non PoE,FOC2650YL3M,C9300L-48T-4X,2022-SEP-02,2025-SEP-02,Cisco,DoD-Z1-GF,DoD-Z1-GF,Switch 4
Non PoE,FOC2650YJQL,C9300L-48T-4X,2022-SEP-02,2025-SEP-02,Cisco,DoD-Z1-GF,DoD-Z1-GF,Switch 5
PoE,FOC2629YRB4,C9300L-24P-4X,2022-SEP-02,2025-SEP-02,Cisco,DoD-Z2-GF,DoD-Z2-GF,Switch 1
PoE,FOC2630Y1BY,C9300L-24P-4X,2022-SEP-02,2025-SEP-02,Cisco,DoD-Z3-GF,DoD-Z3-GF,Switch 1
PoE,FOC2630Y27E,C9300L-24P-4X,2022-SEP-02,2025-SEP-02,Cisco,DoD-Z3-GF,DoD-Z3-GF,Switch 2
Non PoE,FOC2651YDEH,C9300L-24T-4X,2022-SEP-02,2025-SEP-02,Cisco,DoD-Z3-GF,DoD-Z3-GF,Switch 3
PoE,FVH2725L3AZ,C9300L-24P-4X,-,-,Cisco,DoD-Z5-1F,DoD-Z5-1F,Switch 1
PoE,FVH2725L3G7,C9300L-24P-4X,-,-,Cisco,DoD-Z5-1F,DoD-Z5-1F,Switch 2
PoE,FOC2630Y2LT,C9300L-24P-4X,2022-SEP-02,2025-SEP-02,Cisco,DoD-Z6-2F,DoD-Z6-2F,Switch 1
PoE,FOC2629YTK5,C9300L-24P-4X,2022-SEP-02,2025-SEP-02,Cisco,DoD-Z6-2F,DoD-Z6-2F,Switch 2
Non PoE,FOC2651YEAK,C9300L-24T-4X,2022-SEP-02,2025-SEP-02,Cisco,DoD-Z6-2F,DoD-Z6-2F,Switch 3
PoE,FOC2630Y28J,C9300L-24P-4X,2022-SEP-02,2025-SEP-02,Cisco,DoD-Z7-1F,DoD-Z7-1F,Switch 1
PoE,FOC2630Y3RG,C9300L-24P-4X,2022-SEP-02,2025-SEP-02,Cisco,DoD-Z8-2F,DoD-Z8-2F,Switch 1
PoE,FOC2630Y2J5,C9300L-24P-4X,2022-SEP-02,2025-SEP-02,Cisco,DoD-Z8-2F,DoD-Z8-2F,Switch 2
Non PoE,FOC2650YK12,C9300L-48T-4X,2022-SEP-02,2025-SEP-02,Cisco,DoD-Z8-2F,DoD-Z8-2F,Switch 3
PoE,FOC2630Y3KQ,C9300L-24P-4X,2022-SEP-02,2025-SEP-02,Cisco,DoD-Z9-3F,DoD-Z9-3F,Switch 1
Non PoE,FOC2651YE7V,C9300L-24T-4X,2022-SEP-02,2025-SEP-02,Cisco,DoD-Z9-3F,DoD-Z9-3F,Switch 2
Non PoE,FOC2651Y3AM,C9300L-24T-4X,2023-MAR-24,2026-MAR-24,Cisco,IGH- R1-1F,IGH- R1-1F,Switch 1
PoE,FOC2630Y2LW,C9300L-24P-4X,2023-MAR-24,2026-MAR-24,Cisco,IGH- R1-1F,IGH- R1-1F,Switch 2
Non PoE,FOC2651Y40C,C9300L-24T-4X,2023-MAR-24,2026-MAR-24,Cisco,IGH- R1-2F,IGH- R1-2F,Switch 1
PoE,FOC2630Y27T,C9300L-24P-4X,2023-MAR-24,2026-MAR-24,Cisco,IGH- R1-2F,IGH- R1-2F,Switch 2
Non PoE,FOC2651Y403,C9300L-24T-4X,2022-SEP-02,2025-SEP-02,Cisco,IGH- R1-3F,IGH- R1-3F,Switch 1
PoE,FOC2630Y2ET,C9300L-24P-4X,2022-SEP-02,2025-SEP-02,Cisco,IGH- R1-3F,IGH- R1-3F,Switch 2
PoE,FOC2630Y25D,C9300L-24P-4X,2022-SEP-02,2025-SEP-02,Cisco,IGH- R1-4F,IGH- R1-4F,Switch 1
PoE,FOC2630Y2SZ,C9300L-24P-4X,2022-SEP-02,2025-SEP-02,Cisco,IGH- R1-5F,IGH- R1-5F,Switch 1
PoE,FOC2630Y273,C9300L-24P-4X,-,-,Cisco,IGH- R1-GF,IGH- R1-GF,Switch 1
PoE,FOC2630Y39X,C9300L-24P-4X,2022-SEP-02,2025-SEP-02,Cisco,IGH- R2-1F,IGH- R2-1F,Switch 1
Non PoE,FOC2651Y3ZY,C9300L-24T-4X,2023-MAR-24,2026-MAR-24,Cisco,IGH- R2-2F,IGH- R2-2F,Switch 1
PoE,FOC2630Y245,C9300L-24P-4X,2023-MAR-24,2026-MAR-24,Cisco,IGH- R2-2F,IGH- R2-2F,Switch 2
Non PoE,FOC2651Z336,C9300L-24T-4X,2023-MAR-24,2026-MAR-24,Cisco,IGH- R2-3F,IGH- R2-3F,Switch 1
PoE,FOC2629YM0T,C9300L-24P-4X,2023-MAR-24,2026-MAR-24,Cisco,IGH- R2-3F,IGH- R2-3F,Switch 2
PoE,FOC2630Y1FZ,C9300L-24P-4X,2022-SEP-02,2025-SEP-02,Cisco,IGH- R2-4F,IGH- R2-4F,Switch 1
PoE,FOC2630Y39T,C9300L-24P-4X,2022-SEP-02,2025-SEP-02,Cisco,IGH- R2-5F,IGH- R2-5F,Switch 1
Non PoE,FOC2651Y3AA,C9300L-24T-4X,2023-MAR-24,2026-MAR-24,Cisco,IGH- R2-GF,IGH- R2-GF,Switch 1
PoE,FOC2630Y2HX,C9300L-24P-4X,2023-MAR-24,2026-MAR-24,Cisco,IGH- R2-GF,IGH- R2-GF,Switch 2
PoE,FOC2630Y2L1,C9300L-24P-4X,2022-SEP-02,2025-SEP-02,Cisco,IGH- R3-1F,IGH- R3-1F,Switch 1
PoE,FOC2630Y2YF,C9300L-24P-4X,2022-SEP-02,2025-SEP-02,Cisco,IGH- R3-2F,IGH- R3-2F,Switch 1
PoE,FOC2630Y4MF,C9300L-24P-4X,2022-SEP-02,2025-SEP-02,Cisco,IGH- R3-3F,IGH- R3-3F,Switch 1
PoE,FOC2630Y4MC,C9300L-24P-4X,2022-SEP-02,2025-SEP-02,Cisco,IGH- R3-4F,IGH- R3-4F,Switch 1
PoE,FOC2630Y373,C9300L-24P-4X,2022-SEP-02,2025-SEP-02,Cisco,IGH- R3-GF,IGH- R3-GF,Switch 1
PoE,FOC2630Y2KZ,C9300L-24P-4X,2022-SEP-02,2025-SEP-02,Cisco,IGH- R4-1F,IGH- R4-1F,Switch 1
PoE,FOC2630Y2N5,C9300L-24P-4X,2022-SEP-02,2025-SEP-02,Cisco,IGH- R4-2F,IGH- R4-2F,Switch 1
PoE,FOC2630Y6XQ,C9300L-24P-4X,2022-SEP-02,2025-SEP-02,Cisco,IGH- R4-3F,IGH- R4-3F,Switch 1
PoE,FOC2630Y2GG,C9300L-24P-4X,2022-SEP-02,2025-SEP-02,Cisco,IGH- R4-4F,IGH- R4-4F,Switch 1
PoE,FOC2630Y440,C9300L-24P-4X,2022-SEP-02,2025-SEP-02,Cisco,IGH- R4-GF,IGH- R4-GF,Switch 1
Non PoE,FOC2629Y5SN,C9500-40X,2023-MAR-20,2026-MAR-20,Cisco,IGH-Dist-SW,IGH-Dist-SW,Switch 1
Non PoE,FOC2629YHRW,C9500-40X,2023-MAR-20,2026-MAR-20,Cisco,IGH-Dist-SW,IGH-Dist-SW,Switch 2
Non PoE,FOC2638YFEQ,C9500-16X,2023-MAR-20,2026-MAR-20,Cisco,KNC-Dist-SW,KNC-Dist-SW,Switch 1
Non PoE,FOC2639Y3B0,C9500-16X,2023-MAR-20,2026-MAR-20,Cisco,KNC-Dist-SW,KNC-Dist-SW,Switch 2
Non PoE,FOC2626YEL4,C9300L-48T-4X,2022-AUG-26,2025-AUG-26,Cisco,KNC-R1-00,KNC-R1-00,Switch 1
PoE,FOC2644Y9GB,C9300L-24P-4X,2022-AUG-26,2025-AUG-26,Cisco,KNC-R1-00,KNC-R1-00,Switch 2
PoE,FOC2644Y6Q5,C9300L-24P-4X,2023-MAR-20,2026-MAR-20,Cisco,KNC-R1-01,KNC-R1-01,Switch 1
Non PoE,FOC2650YDCA,C9300L-24T-4X,2023-MAR-24,2026-MAR-24,Cisco,KNC-R1-02,KNC-R1-02,Switch 1
PoE,FOC2644Y6PH,C9300L-24P-4X,2023-MAR-24,2026-MAR-24,Cisco,KNC-R1-02,KNC-R1-02,Switch 2
Non PoE,FOC2651Y5W8,C9300L-24T-4X,2023-MAR-24,2026-MAR-24,Cisco,KNC-R1-03,KNC-R1-03,Switch 1
PoE,FOC2644Y6AH,C9300L-24P-4X,2023-MAR-24,2026-MAR-24,Cisco,KNC-R1-03,KNC-R1-03,Switch 2
PoE,FOC2644Y9GC,C9300L-24P-4X,2023-MAR-20,2026-MAR-20,Cisco,KNC-R2-00,KNC-R2-00,Switch 1
Non PoE,FOC2651Y3QN,C9300L-24T-4X,2023-MAR-24,2026-MAR-24,Cisco,KNC-R2-02,KNC-R2-02,Switch 1
PoE,FOC2644Y6P3,C9300L-24P-4X,2023-MAR-24,2026-MAR-24,Cisco,KNC-R2-02,KNC-R2-02,Switch 2
Non PoE,FOC2651Y485,C9300L-24T-4X,2023-MAR-24,2026-MAR-24,Cisco,KNC-R2-03,KNC-R2-03,Switch 1
PoE,FOC2644Y6X0,C9300L-24P-4X,2023-MAR-24,2026-MAR-24,Cisco,KNC-R2-03,KNC-R2-03,Switch 2
Non PoE,FOC2639Y3NE,C9500-16X,2023-MAR-20,2026-MAR-20,Cisco,LH-Dist-SW,LH-Dist-SW,Switch 1
Non PoE,FJC27042MTN,C9500-16X,2023-MAR-20,2026-MAR-20,Cisco,LH-Dist-SW,LH-Dist-SW,Switch 2
PoE,FOC2630Y1Q0,C9300L-24P-4X,2022-SEP-02,2025-SEP-02,Cisco,LH-Part 1-LGF,LH-Part 1-LGF,Switch 1
PoE,FOC2714Y7MQ,C9300L-24P-4X,2022-SEP-02,2025-SEP-02,Cisco,LH-Part 1-LGF,LH-Part 1-LGF,Switch 2
PoE,FOC2630Y1C6,C9300L-24P-4X,2022-SEP-02,2025-SEP-02,Cisco,LH-Part 1-UGF,LH-Part 1-UGF,Switch 1
PoE,FOC2714Y8H9,C9300L-24P-4X,2022-SEP-02,2025-SEP-02,Cisco,LH-Part 1-UGF,LH-Part 1-UGF,Switch 2
PoE,FOC2630Y2GL,C9300L-24P-4X,2022-SEP-02,2025-SEP-02,Cisco,LH-Part 3-UGF,LH-Part 3-UGF,Switch 1
PoE,FOC2630Y26R,C9300L-24P-4X,2022-SEP-02,2025-SEP-02,Cisco,LH-Part 3-UGF,LH-Part 3-UGF,Switch 2
PoE,FOC2630Y2L7,C9300L-24P-4X,2022-SEP-02,2025-SEP-02,Cisco,LH-Part 3-UGF,LH-Part 3-UGF,Switch 3
PoE,FOC2630Y27B,C9300L-24P-4X,2022-SEP-02,2025-SEP-02,Cisco,LH-Part 3-UGF,LH-Part 3-UGF,Switch 4
PoE,FOC2714Y8H2,C9300L-24P-4X,-,-,Cisco,LH-Part 5-UGF,LH-Part 5-UGF,Switch 1
Non PoE,FOC2650YM52,C9300L-48T-4X,2023-APR-12,2026-APR-12,Cisco,MSH-North-SW,MSH-North-SW,Switch 1
PoE,FOC2630Y21Z,C9300L-24P-4X,2023-APR-12,2026-APR-12,Cisco,MSH-North-SW,MSH-North-SW,Switch 2
Non PoE,FOC2650YLU5,C9300L-48T-4X,2023-APR-12,2026-APR-12,Cisco,MSH-South-SW,MSH-South-SW,Switch 1
Non PoE,FOC2626YHLH,C9300L-48T-4X,2022-SEP-02,2025-SEP-02,Cisco,MSME-1F-SW,MSME-1F-SW,Switch 1
PoE,FOC2630Y38C,C9300L-24P-4X,2022-SEP-02,2025-SEP-02,Cisco,MSME-1F-SW,MSME-1F-SW,Switch 2
PoE,FOC2630Y1TY,C9300L-24P-4X,2022-SEP-02,2025-SEP-02,Cisco,MSME-2F-SW,MSME-2F-SW,Switch 1
Non PoE,FOC2626YHQ2,C9300L-48T-4X,2022-SEP-02,2025-SEP-02,Cisco,MSME-2F-SW,MSME-2F-SW,Switch 2
Non PoE,FOC2626YD4L,C9300L-48T-4X,2022-SEP-02,2025-SEP-02,Cisco,MSME-2F-SW,MSME-2F-SW,Switch 3
PoE,FOC2630Y2KK,C9300L-24P-4X,2022-AUG-26,2025-AUG-26,Cisco,MSME-3F-SW,MSME-3F-SW,Switch 1
Non PoE,FOC2626YECZ,C9300L-48T-4X,2022-AUG-26,2025-AUG-26,Cisco,MSME-3F-SW,MSME-3F-SW,Switch 2
Non PoE,FOC2626YGH5,C9300L-48T-4X,2022-AUG-26,2025-AUG-26,Cisco,MSME-3F-SW,MSME-3F-SW,Switch 3
PoE,FOC2630Y2GK,C9300L-24P-4X,2022-SEP-02,2025-SEP-02,Cisco,MSME-4F-SW,MSME-4F-SW,Switch 1
Non PoE,FOC2626YHYL,C9300L-48T-4X,2022-SEP-02,2025-SEP-02,Cisco,MSME-4F-SW,MSME-4F-SW,Switch 2
Non PoE,FOC2626YHN7,C9300L-48T-4X,2022-SEP-02,2025-SEP-02,Cisco,MSME-4F-SW,MSME-4F-SW,Switch 3
Non PoE,FOC2631YAVP,C9500-16X,2022-SEP-02,2025-SEP-02,Cisco,MSME-Dist-SW,MSME-Dist-SW,Switch 1
Non PoE,FOC2631Y8RM,C9500-16X,2022-SEP-02,2025-SEP-02,Cisco,MSME-Dist-SW,MSME-Dist-SW,Switch 2
Non PoE,FOC2626YJPK,C9300L-48T-4X,2022-AUG-26,2025-AUG-26,Cisco,MSME-GF-SW,MSME-GF-SW,Switch 1
PoE,FOC2630Y24M,C9300L-24P-4X,2022-AUG-26,2025-AUG-26,Cisco,MSME-GF-SW,MSME-GF-SW,Switch 2
PoE,FOC2630Y27M,C9300L-24P-4X,2022-SEP-02,2025-SEP-02,Cisco,NewDH-SW,NewDH-SW,Switch 1
Non PoE,FOC2631YAK0,C9500-16X,2022-SEP-02,2025-SEP-02,Cisco,RCC-Dist-SW,RCC-Dist-SW,Switch 1
Non PoE,FOC2631YCVC,C9500-16X,2022-SEP-02,2025-SEP-02,Cisco,RCC-Dist-SW,RCC-Dist-SW,Switch 2
PoE,FOC2630Y27P,C9300L-24P-4X,2022-SEP-02,2025-SEP-02,Cisco,RCC-R1-1F,RCC-R1-1F,Switch 1
Non PoE,FOC2651Y40N,C9300L-24T-4X,2023-MAR-24,2026-MAR-24,Cisco,RCC-R1-2F,RCC-R1-2F,Switch 1
PoE,FOC2630Y0WL,C9300L-24P-4X,2023-MAR-24,2026-MAR-24,Cisco,RCC-R1-2F,RCC-R1-2F,Switch 2
PoE,FOC2630Y2L9,C9300L-24P-4X,2022-SEP-02,2025-SEP-02,Cisco,RCC-R1-3F,RCC-R1-3F,Switch 1
PoE,FOC2630Y377,C9300L-24P-4X,2022-SEP-02,2025-SEP-02,Cisco,RCC-R1-4F,RCC-R1-4F,Switch 1
Non PoE,FOC2651Y3HM,C9300L-24T-4X,2023-MAR-24,2026-MAR-24,Cisco,RCC-R1-GF,RCC-R1-GF,Switch 1
PoE,FOC2630Y21U,C9300L-24P-4X,2023-MAR-24,2026-MAR-24,Cisco,RCC-R1-GF,RCC-R1-GF,Switch 2
Non PoE,FOC2651Y41N,C9300L-24T-4X,2023-MAR-24,2026-MAR-24,Cisco,RCC-R2-2F,RCC-R2-2F,Switch 1
PoE,FOC2630Y255,C9300L-24P-4X,2023-MAR-24,2026-MAR-24,Cisco,RCC-R2-2F,RCC-R2-2F,Switch 2
PoE,FOC2630Y2KM,C9300L-24P-4X,2022-SEP-02,2025-SEP-02,Cisco,RCC-R2-3F,RCC-R2-3F,Switch 1
Non PoE,FOC2651Y3ZW,C9300L-24T-4X,2023-MAR-24,2026-MAR-24,Cisco,RCC-R2-4F,RCC-R2-4F,Switch 1
PoE,FOC2630Y2E4,C9300L-24P-4X,2023-MAR-24,2026-MAR-24,Cisco,RCC-R2-4F,RCC-R2-4F,Switch 2
PoE,FOC2630Y21N,C9300L-24P-4X,2022-SEP-02,2025-SEP-02,Cisco,RCC-R2-GF,RCC-R2-GF,Switch 1
PoE,FOC2630Y723,C9300L-24P-4X,2022-SEP-02,2025-SEP-02,Cisco,SNCC-1F-R1,SNCC-1F-R1,Switch 1
Non PoE,FOC2651Y3AG,C9300L-24T-4X,2023-MAR-24,2026-MAR-24,Cisco,SNCC-1F-R2,SNCC-1F-R2,Switch 1
PoE,FOC2644Y7AC,C9300L-24P-4X,2023-MAR-20,2026-MAR-20,Cisco,SNCC-1F-R3,SNCC-1F-R3,Switch 1
Non PoE,FOC2643YJAE,C9500-16X,2022-SEP-02,2025-SEP-02,Cisco,SNCC-Dist-SW,SNCC-Dist-SW,Switch 1
Non PoE,FOC2631YAHT,C9500-16X,2022-SEP-02,2025-SEP-02,Cisco,SNCC-Dist-SW,SNCC-Dist-SW,Switch 2
PoE,FOC2629YUDE,C9300L-24P-4X,2022-SEP-02,2025-SEP-02,Cisco,SNCC-GF-R1,SNCC-GF-R1,Switch 1
Non PoE,FOC2651Y3AS,C9300L-24T-4X,2022-SEP-02,2025-SEP-02,Cisco,SNCC-GF-R1,SNCC-GF-R1,Switch 2
PoE,FOC2630Y3MA,C9300L-24P-4X,2022-SEP-02,2025-SEP-02,Cisco,SNCC-GF-R2,SNCC-GF-R2,Switch 1
Non PoE,FOC2651Y3C7,C9300L-24T-4X,2022-SEP-02,2025-SEP-02,Cisco,SNCC-GF-R2,SNCC-GF-R2,Switch 2
PoE,FOC2644Y91W,C9300L-24P-4X,2023-MAR-20,2026-MAR-20,Cisco,SNCC-GF-R3,SNCC-GF-R3,Switch 1
PoE,FOC2644Y6B9,C9300L-24P-4X,2023-MAR-20,2026-MAR-20,Cisco,SNCC-GF-R4,SNCC-GF-R4,Switch 1
PoE,FOC2644Y9MW,C9300L-24P-4X,2023-MAR-20,2026-MAR-20,Cisco,SNCC-GF-R5,SNCC-GF-R5,Switch 1
PoE,FOC2630Y0TM,C9300L-24P-4X,2022-SEP-02,2025-SEP-02,Cisco,SNCC-GF-R6,SNCC-GF-R6,Switch 1
Non PoE,FOC2651YJUQ,C9300L-24T-4X,2023-JAN-26,2026-JAN-26,Cisco,TIP-A wing-1F,TIP-A wing-1F,Switch 1
PoE,FOC2630Y4DG,C9300L-24P-4X,2023-JAN-26,2026-JAN-26,Cisco,TIP-A wing-1F,TIP-A wing-1F,Switch 2
Non PoE,FOC2651YJJ0,C9300L-24T-4X,2023-JAN-26,2026-JAN-26,Cisco,TIP-A wing-2F,TIP-A wing-2F,Switch 1
PoE,,C9300L-24P-4X - Provisioned,2023-JAN-26,2026-JAN-26,Cisco,TIP-A wing-2F,TIP-A wing-2F,Switch 2
PoE,FOC2630Y1JJ,C9300L-24P-4X,2022-SEP-02,2025-SEP-02,Cisco,TIP-A wing-3F,TIP-A wing-3F,Switch 1
PoE,FOC2630Y2YE,C9300L-24P-4X,2022-SEP-02,2025-SEP-02,Cisco,TIP-A wing-4F,TIP-A wing-4F,Switch 1
PoE,FOC2630Y2J6,C9300L-24P-4X,2022-SEP-02,2025-SEP-02,Cisco,TIP-A wing-GF,TIP-A wing-GF,Switch 1
Non PoE,FOC2651YJHU,C9300L-24T-4X,2022-SEP-02,2025-SEP-02,Cisco,TIP-A wing-GF,TIP-A wing-GF,Switch 2
Non PoE,FOC2651YJVV,C9300L-24T-4X,2022-SEP-02,2025-SEP-02,Cisco,TIP-B wing-1F,TIP-B wing-1F,Switch 1
PoE,FOC2629YU0A,C9300L-24P-4X,2022-SEP-02,2025-SEP-02,Cisco,TIP-B wing-1F,TIP-B wing-1F,Switch 2
PoE,FOC2630Y3XK,C9300L-24P-4X,2022-SEP-02,2025-SEP-02,Cisco,TIP-B wing-2F,TIP-B wing-2F,Switch 1
PoE,FOC2630Y24C,C9300L-24P-4X,2022-SEP-02,2025-SEP-02,Cisco,TIP-B wing-3F,TIP-B wing-3F,Switch 1
PoE,FOC2630Y3JL,C9300L-24P-4X,2022-SEP-02,2025-SEP-02,Cisco,TIP-B wing-4F,TIP-B wing-4F,Switch 1
PoE,FOC2630Y2QP,C9300L-24P-4X,2022-SEP-02,2025-SEP-02,Cisco,TIP-B wing-5F,TIP-B wing-5F,Switch 1
PoE,FOC2630Y25Q,C9300L-24P-4X,2023-JAN-26,2026-JAN-26,Cisco,TIP-B wing-GF,TIP-B wing-GF,Switch 1
Non PoE,FOC2651YJKL,C9300L-24T-4X,2023-JAN-26,2026-JAN-26,Cisco,TIP-B wing-GF,TIP-B wing-GF,Switch 2
PoE,,C9300L-24P-4X - Provisioned,2023-JAN-26,2026-JAN-26,Cisco,TIP-B wing-GF,TIP-B wing-GF,Switch 3
Non PoE,FOC2631YACR,C9500-16X,-,-,Cisco,TIP-Dist-SW,TIP-Dist-SW,Switch 1
Non PoE,FOC2631Y8DF,C9500-16X,-,-,Cisco,TIP-Dist-SW,TIP-Dist-SW,Switch 2
